Unique Key	Created Date	Closed Date	Agency	Agency Name	Complaint Type	Descriptor	Location Type	Incident Zip	Incident Address	Street Name	Cross Street 1	Cross Street 2	Intersection Street 1	Intersection Street 2	Address Type	City	Landmark	Facility Type	Status	Due Date	Resolution Description	Resolution Action Updated Date	Community Board	BBL	Borough	X Coordinate (State Plane)	Y Coordinate (State Plane)	Open Data Channel Type	Park Facility Name	Park Borough	Vehicle Type	Taxi Company Borough	Taxi Pick Up Location	Bridge Highway Name	Bridge Highway Direction	Road Ramp	Bridge Highway Segment	Latitude	Longitude	Location
16386856	04/06/2010 12:00:00 AM	04/07/2010 12:00:00 AM	HPD	Department of Housing Preservation and Development	PLUMBING	BATHTUB	RESIDENTIAL BUILDING	11212	178 ROCKAWAY PARKWAY	ROCKAWAY PARKWAY	WINTHROP STREET	CLARKSON AVENUE			ADDRESS	BROOKLYN		N/A	Closed		The Department of Housing Preservation and Development inspected the following conditions. No violations were issued. The complaint has been closed.	04/07/2010 12:00:00 AM	0 Unspecified	3046320011	Unspecified	1006033	180591	UNKNOWN	Unspecified	Unspecified								40.6623305003647	-73.92148500881818	(40.6623305003647, -73.92148500881818)
16386857	04/06/2010 12:00:00 AM	04/13/2010 12:00:00 AM	HPD	Department of Housing Preservation and Development	PLUMBING	BATHTUB	RESIDENTIAL BUILDING	10452	1177 WALTON AVENUE	WALTON AVENUE	MC CLELLAN STREET	TUDOR PLACE			ADDRESS	BRONX		N/A	Closed		The Department of Housing Preservation and Development inspected the following conditions. Violations were issued. Information about specific violations is available at www.nyc.gov/hpd.	04/13/2010 12:00:00 AM	0 Unspecified	2024790036	Unspecified	1006351	243122	UNKNOWN	Unspecified	Unspecified								40.8339614398769	-73.92013330820386	(40.8339614398769, -73.92013330820386)
16386858	04/06/2010 12:00:00 AM	04/24/2010 12:00:00 AM	HPD	Department of Housing Preservation and Development	PAINT - PLASTER	WALLS	RESIDENTIAL BUILDING	10458	2509 HOFFMAN STREET	HOFFMAN STREET	EAST 189 STREET	EAST FORDHAM ROAD			ADDRESS	BRONX		N/A	Closed		The Department of Housing Preservation and Development inspected the following conditions. Violations were issued. Information about specific violations is available at www.nyc.gov/hpd.	04/24/2010 12:00:00 AM	0 Unspecified	2030670022	Unspecified	1015746	252129	UNKNOWN	Unspecified	Unspecified								40.858654476714186	-73.88614019110922	(40.858654476714186, -73.88614019110922)
16386859	04/06/2010 12:00:00 AM	04/13/2010 12:00:00 AM	HPD	Department of Housing Preservation and Development	PAINT - PLASTER	WALLS	RESIDENTIAL BUILDING	10460	999 EAST 180 STREET	EAST 180 STREET	BRYANT AVENUE	BOSTON ROAD			ADDRESS	BRONX		N/A	Closed		The Department of Housing Preservation and Development inspected the following conditions. Violations were issued. Information about specific violations is available at www.nyc.gov/hpd.	04/13/2010 12:00:00 AM	0 Unspecified	2031380001	Unspecified	1017712	246475	UNKNOWN	Unspecified	Unspecified								40.84312870404423	-73.87906121873314	(40.84312870404423, -73.87906121873314)
16386860	04/06/2010 12:00:00 AM	04/07/2010 12:00:00 AM	HPD	Department of Housing Preservation and Development	HEATING	HEAT	RESIDENTIAL BUILDING	11208	61 MONTAUK AVENUE	MONTAUK AVENUE	ATLANTIC AVENUE	LIBERTY AVENUE			ADDRESS	BROOKLYN		N/A	Closed		The Department of Housing Preservation and Development contacted an occupant of the apartment and verified that the following conditions were corrected. The complaint has been closed. If the condition still exists, please file a new complaint.	04/07/2010 12:00:00 AM	0 Unspecified	3039760011	Unspecified	1017841	186321	UNKNOWN	Unspecified	Unspecified								40.67802113084389	-73.87889555728722	(40.67802113084389, -73.87889555728722)
16386861	04/06/2010 12:00:00 AM	04/14/2010 12:00:00 AM	HPD	Department of Housing Preservation and Development	HEATING	HEAT	RESIDENTIAL BUILDING	10040	300 WADSWORTH AVENUE	WADSWORTH AVENUE	WEST 188 STREET	WEST 189 STREET			ADDRESS	NEW YORK		N/A	Closed		The Department of Housing Preservation and Development responded to a complaint of no heat or hot water and was advised by a tenant in the building that heat and hot water had been restored. If the condition still exists, please file a new complaint.	04/14/2010 12:00:00 AM	0 Unspecified	1021700307	Unspecified	1003140	250530	UNKNOWN	Unspecified	Unspecified								40.854301674144835	-73.93171607047358	(40.854301674144835, -73.93171607047358)
16386862	04/06/2010 12:00:00 AM	04/09/2010 12:00:00 AM	HPD	Department of Housing Preservation and Development	HEATING	HEAT	RESIDENTIAL BUILDING	10467	3053 HULL AVENUE	HULL AVENUE	EAST MOSHOLU PARKWAY NORTH	EAST 204 STREET			ADDRESS	BRONX		N/A	Closed		The Department of Housing Preservation and Development was not able to gain access to your apartment or others in the building to inspect for a lack of heat or hot water. The complaint has been closed. If the condition still exists, please file a new complaint.	04/09/2010 12:00:00 AM	0 Unspecified	2033330059	Unspecified	1017571	256878	UNKNOWN	Unspecified	Unspecified								40.87168232993852	-73.87951910905315	(40.87168232993852, -73.87951910905315)
16386863	04/06/2010 12:00:00 AM	04/13/2010 12:00:00 AM	HPD	Department of Housing Preservation and Development	PLUMBING	WATER-SUPPLY	RESIDENTIAL BUILDING	10036	438 WEST 45 STREET	WEST 45 STREET	9 AVENUE	10 AVENUE			ADDRESS	NEW YORK		N/A	Closed		The Department of Housing Preservation and Development inspected the following conditions. Violations were issued. Information about specific violations is available at www.nyc.gov/hpd.	04/13/2010 12:00:00 AM	0 Unspecified	1010540053	Unspecified	986346	216476	UNKNOWN	Unspecified	Unspecified								40.76085282607703	-73.99243397044111	(40.76085282607703, -73.99243397044111)
16386864	04/06/2010 12:00:00 AM	04/08/2010 12:00:00 AM	HPD	Department of Housing Preservation and Development	GENERAL CONSTRUCTION	CERAMIC-TILE	RESIDENTIAL BUILDING	10463	3805 REVIEW PLACE	REVIEW PLACE	WEST 238 STREET	WEST 239 STREET			ADDRESS	BRONX		N/A	Closed		The Department of Housing Preservation and Development inspected the following conditions. No violations were issued. The complaint has been closed.	04/08/2010 12:00:00 AM	0 Unspecified	2032710227	Unspecified	1012001	261709	UNKNOWN	Unspecified	Unspecified								40.88496118941129	-73.899638885275	(40.88496118941129, -73.899638885275)
16386865	04/06/2010 12:00:00 AM	05/14/2010 12:00:00 AM	HPD	Department of Housing Preservation and Development	GENERAL CONSTRUCTION	CERAMIC-TILE	RESIDENTIAL BUILDING	11691	22-88 MOTT AVENUE	MOTT AVENUE	MC BRIDE STREET	GIPSON STREET			ADDRESS	FAR ROCKAWAY		N/A	Closed		The Department of Housing Preservation and Development was not able to gain access to inspect the following conditions. The complaint has been closed. If the condition still exists, please file a new complaint.	05/14/2010 12:00:00 AM	0 Unspecified	4156630009	Unspecified	1051348	160134	UNKNOWN	Unspecified	Unspecified								40.60595315079526	-73.75835485820404	(40.60595315079526, -73.75835485820404)
16386866	04/06/2010 12:00:00 AM	04/26/2010 12:00:00 AM	HPD	Department of Housing Preservation and Development	GENERAL CONSTRUCTION	GAS	RESIDENTIAL BUILDING	11203	197 EAST 52 STREET	EAST 52 STREET	CLARKSON AVENUE	LENOX ROAD			ADDRESS	BROOKLYN		N/A	Closed		The Department of Housing Preservation and Development was not able to gain access to inspect the following conditions. The complaint has been closed. If the condition still exists, please file a new complaint.	04/26/2010 12:00:00 AM	0 Unspecified	3046390040	Unspecified	1003978	178369	UNKNOWN	Unspecified	Unspecified								40.656236418498025	-73.92889858083403	(40.656236418498025, -73.92889858083403)
16386867	04/06/2010 12:00:00 AM	04/26/2010 12:00:00 AM	HPD	Department of Housing Preservation and Development	GENERAL CONSTRUCTION	GAS	RESIDENTIAL BUILDING	10301	411 WESTERVELT AVENUE	WESTERVELT AVENUE	SCRIBNER AVENUE	CORSON AVENUE			ADDRESS	STATEN ISLAND		N/A	Closed		The Department of Housing Preservation and Development was not able to gain access to inspect the following conditions. The complaint has been closed. If the condition still exists, please file a new complaint.	04/26/2010 12:00:00 AM	0 Unspecified	5000250005	Unspecified	961542	171797	UNKNOWN	Unspecified	Unspecified								40.63819056702163	-74.08181946744371	(40.63819056702163, -74.08181946744371)
16386868	04/06/2010 12:00:00 AM	04/08/2010 12:00:00 AM	HPD	Department of Housing Preservation and Development	GENERAL CONSTRUCTION	GAS	RESIDENTIAL BUILDING	10031	1739 AMSTERDAM AVENUE	AMSTERDAM AVENUE	WEST 146 STREET	WEST 147 STREET			ADDRESS	NEW YORK		N/A	Closed		The Department of Housing Preservation and Development inspected the following conditions. Violations were issued. Information about specific violations is available at www.nyc.gov/hpd.	04/08/2010 12:00:00 AM	0 Unspecified	1020610001	Unspecified	998907	240214	UNKNOWN	Unspecified	Unspecified								40.82599530577176	-73.9470401399315	(40.82599530577176, -73.9470401399315)
16386869	04/06/2010 12:00:00 AM	04/13/2010 12:00:00 AM	HPD	Department of Housing Preservation and Development	GENERAL CONSTRUCTION	MOLD	RESIDENTIAL BUILDING	10305	387 FR CAPODANNO BOULEVARD	FR CAPODANNO BOULEVARD	SAND LANE	SEAVIEW AVENUE			ADDRESS	STATEN ISLAND		N/A	Closed		The Department of Housing Preservation and Development inspected the following conditions. No violations were issued. The complaint has been closed.	04/13/2010 12:00:00 AM	0 Unspecified	5034910012	Unspecified	965074	153504	UNKNOWN	Unspecified	Unspecified								40.587988422457286	-74.06904133209406	(40.587988422457286, -74.06904133209406)
16386870	04/06/2010 12:00:00 AM	05/10/2010 12:00:00 AM	HPD	Department of Housing Preservation and Development	GENERAL CONSTRUCTION	MOLD	RESIDENTIAL BUILDING	11226	238 EAST 26 STREET	EAST 26 STREET	CORTELYOU ROAD	CLARENDON ROAD			ADDRESS	BROOKLYN		N/A	Closed		The Department of Housing Preservation and Development inspected the following conditions. Violations were issued. Information about specific violations is available at www.nyc.gov/hpd.	05/10/2010 12:00:00 AM	0 Unspecified	3051690022	Unspecified	997368	173882	UNKNOWN	Unspecified	Unspecified								40.64393283892149	-73.95273031361069	(40.64393283892149, -73.95273031361069)
16386871	04/06/2010 12:00:00 AM	04/15/2010 12:00:00 AM	HPD	Department of Housing Preservation and Development	GENERAL CONSTRUCTION	MOLD	RESIDENTIAL BUILDING	10458	223 EAST 203 STREET	EAST 203 STREET	GRAND CONCOURSE	VALENTINE AVENUE			ADDRESS	BRONX		N/A	Closed		The Department of Housing Preservation and Development inspected the following conditions. No violations were issued. The complaint has been closed.	04/15/2010 12:00:00 AM	0 Unspecified	2033090035	Unspecified	1015849	257635	UNKNOWN	Unspecified	Unspecified								40.873766393464365	-73.88574187817389	(40.873766393464365, -73.88574187817389)
16386872	04/06/2010 12:00:00 AM	05/10/2010 12:00:00 AM	HPD	Department of Housing Preservation and Development	GENERAL CONSTRUCTION	MOLD	RESIDENTIAL BUILDING	10039	2802 FREDERICK DOUGLASS BOULEVARD	FREDERICK DOUGLASS BOULEVARD	WEST 149 STREET	BEND			ADDRESS	NEW YORK		N/A	Closed		The Department of Housing Preservation and Development was not able to gain access to inspect the following conditions. The complaint has been closed. If the condition still exists, please file a new complaint.	05/10/2010 12:00:00 AM	0 Unspecified	1020350001	Unspecified	1000852	240004	UNKNOWN	Unspecified	Unspecified								40.82541547395462	-73.9400128300188	(40.82541547395462, -73.9400128300188)
16386873	04/06/2010 12:00:00 AM	04/12/2010 12:00:00 AM	HPD	Department of Housing Preservation and Development	GENERAL CONSTRUCTION	MOLD	RESIDENTIAL BUILDING	10451	751 GERARD AVENUE	GERARD AVENUE	EAST 153 STREET	EAST 157 STREET			ADDRESS	BRONX		N/A	Closed		The Department of Housing Preservation and Development inspected the following conditions. Violations were issued. Information about specific violations is available at www.nyc.gov/hpd.	04/12/2010 12:00:00 AM	0 Unspecified	2024820030	Unspecified	1004515	239634	UNKNOWN	Unspecified	Unspecified								40.82439228493871	-73.926778619814	(40.82439228493871, -73.926778619814)
16386874	04/06/2010 12:00:00 AM	04/14/2010 12:00:00 AM	HPD	Department of Housing Preservation and Development	GENERAL CONSTRUCTION	MOLD	RESIDENTIAL BUILDING	10466	686 EAST 234 STREET	EAST 234 STREET	CARPENTER AVENUE	WHITE PLAINS ROAD			ADDRESS	BRONX		N/A	Closed		The Department of Housing Preservation and Development inspected the following conditions. No violations were issued. The complaint has been closed.	04/14/2010 12:00:00 AM	0 Unspecified	2049940080	Unspecified	1023592	265163	UNKNOWN	Unspecified	Unspecified								40.894397256010194	-73.85769996208678	(40.894397256010194, -73.85769996208678)
16386875	04/06/2010 12:00:00 AM	04/26/2010 12:00:00 AM	HPD	Department of Housing Preservation and Development	GENERAL CONSTRUCTION	MOLD	RESIDENTIAL BUILDING	11423	196-07 JAMAICA AVENUE	JAMAICA AVENUE	196 STREET	WOODHULL AVENUE			ADDRESS	HOLLIS		N/A	Closed		The Department of Housing Preservation and Development was not able to gain access to inspect the following conditions. The complaint has been closed. If the condition still exists, please file a new complaint.	04/26/2010 12:00:00 AM	0 Unspecified	4104640044	Unspecified	1049791	199258	UNKNOWN	Unspecified	Unspecified								40.71335116419434	-73.76358189560882	(40.71335116419434, -73.76358189560882)
16386876	04/06/2010 12:00:00 AM	04/19/2010 12:00:00 AM	HPD	Department of Housing Preservation and Development	GENERAL CONSTRUCTION	MOLD	RESIDENTIAL BUILDING	10458	2383 WASHINGTON AVENUE	WASHINGTON AVENUE	EAST 186 STREET	EAST 187 STREET			ADDRESS	BRONX		N/A	Closed		The Department of Housing Preservation and Development inspected the following conditions. No violations were issued. The complaint has been closed.	04/19/2010 12:00:00 AM	0 Unspecified	2030400022	Unspecified	1014273	251637	UNKNOWN	Unspecified	Unspecified								40.857309217384326	-73.89146736693992	(40.857309217384326, -73.89146736693992)
16386877	04/06/2010 12:00:00 AM	04/16/2010 12:00:00 AM	HPD	Department of Housing Preservation and Development	GENERAL CONSTRUCTION	MOLD	RESIDENTIAL BUILDING	10026	157 WEST 119 STREET	WEST 119 STREET	LENOX AVENUE	7 AVENUE			ADDRESS	NEW YORK		N/A	Closed		The Department of Housing Preservation and Development conducted an inspection for the following conditions and identified potential lead-based paint conditions.  HPD will attempt to contact you to schedule a follow-up inspection to test the paint for lead	04/16/2010 12:00:00 AM	0 Unspecified	1019040006	Unspecified	998143	232425	UNKNOWN	Unspecified	Unspecified								40.80461791866147	-73.94981680922021	(40.80461791866147, -73.94981680922021)
16386878	04/06/2010 12:00:00 AM	04/21/2010 12:00:00 AM	HPD	Department of Housing Preservation and Development	GENERAL CONSTRUCTION	MOLD	RESIDENTIAL BUILDING	11692	129 BEACH 56 PLACE	BEACH 56 PLACE	DEAD END	ROCKAWAY BEACH BOULEVARD			ADDRESS	ARVERNE		N/A	Closed		The Department of Housing Preservation and Development was not able to gain access to inspect the following conditions. The complaint has been closed. If the condition still exists, please file a new complaint.	04/21/2010 12:00:00 AM	0 Unspecified	4159260001	Unspecified	1043658	154558	UNKNOWN	Unspecified	Unspecified								40.590703094108896	-73.78609836001263	(40.590703094108896, -73.78609836001263)
16386879	04/06/2010 12:00:00 AM	04/26/2010 12:00:00 AM	HPD	Department of Housing Preservation and Development	GENERAL CONSTRUCTION	MOLD	RESIDENTIAL BUILDING	11368	97-20 57 AVENUE	57 AVENUE	97 STREET	97 PLACE			ADDRESS	CORONA		N/A	Closed		The Department of Housing Preservation and Development inspected the following conditions. No violations were issued. The complaint has been closed.	04/26/2010 12:00:00 AM	0 Unspecified	4019180060	Unspecified	1022094	207937	UNKNOWN	Unspecified	Unspecified								40.73733470573327	-73.86344089990737	(40.73733470573327, -73.86344089990737)
16386880	04/06/2010 12:00:00 AM	04/08/2010 12:00:00 AM	HPD	Department of Housing Preservation and Development	GENERAL CONSTRUCTION	MOLD	RESIDENTIAL BUILDING	10468	2607 JEROME AVENUE	JEROME AVENUE	WEST 192 STREET	EAST 193 STREET			ADDRESS	BRONX		N/A	Closed		The Department of Housing Preservation and Development inspected the following conditions. Violations were issued. Information about specific violations is available at www.nyc.gov/hpd.	04/08/2010 12:00:00 AM	0 Unspecified	2032020055	Unspecified	1012322	254825	UNKNOWN	Unspecified	Unspecified								40.86606572942326	-73.89850683939007	(40.86606572942326, -73.89850683939007)
16386881	04/06/2010 12:00:00 AM	04/29/2010 12:00:00 AM	HPD	Department of Housing Preservation and Development	GENERAL CONSTRUCTION	MOLD	RESIDENTIAL BUILDING	10467	2800 BRONX PARK EAST	BRONX PARK EAST	BRITTON STREET	ARNOW AVENUE			ADDRESS	BRONX		N/A	Closed		The Department of Housing Preservation and Development was not able to gain access to inspect the following conditions. The complaint has been closed. If the condition still exists, please file a new complaint.	04/29/2010 12:00:00 AM	0 Unspecified		Unspecified	1020082	255114	UNKNOWN	Unspecified	Unspecified								40.86683085735284	-73.87044936996642	(40.86683085735284, -73.87044936996642)
16386882	04/06/2010 12:00:00 AM	05/14/2010 12:00:00 AM	HPD	Department of Housing Preservation and Development	GENERAL CONSTRUCTION	MOLD	RESIDENTIAL BUILDING	10040	300 WADSWORTH AVENUE	WADSWORTH AVENUE	WEST 188 STREET	WEST 189 STREET			ADDRESS	NEW YORK		N/A	Closed		The Department of Housing Preservation and Development inspected the following conditions. No violations were issued. The complaint has been closed.	05/14/2010 12:00:00 AM	0 Unspecified	1021700307	Unspecified	1003140	250530	UNKNOWN	Unspecified	Unspecified								40.854301674144835	-73.93171607047358	(40.854301674144835, -73.93171607047358)
16386883	04/06/2010 12:00:00 AM	04/12/2010 12:00:00 AM	HPD	Department of Housing Preservation and Development	GENERAL CONSTRUCTION	MOLD	RESIDENTIAL BUILDING	10306	675 TYSENS LANE	TYSENS LANE	FALCON AVENUE	MILL ROAD			ADDRESS	STATEN ISLAND		N/A	Closed		The Department of Housing Preservation and Development inspected the following conditions. No violations were issued. The complaint has been closed.	04/12/2010 12:00:00 AM	0 Unspecified	5039830001	Unspecified	952759	144089	UNKNOWN	Unspecified	Unspecified								40.56211091964103	-74.11333639974674	(40.56211091964103, -74.11333639974674)
16386884	04/06/2010 12:00:00 AM	04/29/2010 12:00:00 AM	HPD	Department of Housing Preservation and Development	GENERAL CONSTRUCTION	MOLD	RESIDENTIAL BUILDING	11225	481 MONTGOMERY STREET	MONTGOMERY STREET	CLOVE ROAD	NEW YORK AVENUE			ADDRESS	BROOKLYN		N/A	Closed		The Department of Housing Preservation and Development was not able to gain access to inspect the following conditions. The complaint has been closed. If the condition still exists, please file a new complaint.	04/29/2010 12:00:00 AM	0 Unspecified	3012970059	Unspecified	998418	181667	UNKNOWN	Unspecified	Unspecified								40.66529934131369	-73.94893036677895	(40.66529934131369, -73.94893036677895)
16386885	04/06/2010 12:00:00 AM	04/07/2010 12:00:00 AM	HPD	Department of Housing Preservation and Development	GENERAL CONSTRUCTION	MOLD	RESIDENTIAL BUILDING	10459	935 KELLY STREET	KELLY STREET	INTERVALE AVENUE	EAST 163 STREET			ADDRESS	BRONX		N/A	Closed		The Department of Housing Preservation and Development inspected the following conditions. No violations were issued. The complaint has been closed.	04/07/2010 12:00:00 AM	0 Unspecified	2027030018	Unspecified	1013062	238285	UNKNOWN	Unspecified	Unspecified								40.82066592008807	-73.89590246619456	(40.82066592008807, -73.89590246619456)
16386886	04/06/2010 12:00:00 AM	04/29/2010 12:00:00 AM	HPD	Department of Housing Preservation and Development	ELECTRIC	ELECTRIC-WIRING	RESIDENTIAL BUILDING	11226	1193 ROGERS AVENUE	ROGERS AVENUE	AVENUE D	NEWKIRK AVENUE			ADDRESS	BROOKLYN		N/A	Closed		The Department of Housing Preservation and Development was not able to gain access to inspect the following conditions. The complaint has been closed. If the condition still exists, please file a new complaint.	04/29/2010 12:00:00 AM	0 Unspecified	3052140001	Unspecified	997743	172677	UNKNOWN	Unspecified	Unspecified								40.6406248098138	-73.95138144071379	(40.6406248098138, -73.95138144071379)
16386887	04/06/2010 12:00:00 AM	04/25/2010 12:00:00 AM	HPD	Department of Housing Preservation and Development	ELECTRIC	ELECTRIC-WIRING	RESIDENTIAL BUILDING	11102	23-05 30 AVENUE	30 AVENUE	23 STREET	CRESCENT STREET			ADDRESS	ASTORIA		N/A	Closed		The Department of Housing Preservation and Development inspected the following conditions. No violations were issued. The complaint has been closed.	04/25/2010 12:00:00 AM	0 Unspecified	4005480001	Unspecified	1004687	219512	UNKNOWN	Unspecified	Unspecified								40.76916248662936	-73.92621838858115	(40.76916248662936, -73.92621838858115)
16386888	04/06/2010 12:00:00 AM	04/09/2010 12:00:00 AM	HPD	Department of Housing Preservation and Development	ELECTRIC	ELECTRIC-WIRING	RESIDENTIAL BUILDING	11216	1221 DEAN STREET	DEAN STREET	NOSTRAND AVENUE	NEW YORK AVENUE			ADDRESS	BROOKLYN		N/A	Closed		The Department of Housing Preservation and Development inspected the following conditions. No violations were issued. The complaint has been closed.	04/09/2010 12:00:00 AM	0 Unspecified	3012070060	Unspecified	998462	185866	UNKNOWN	Unspecified	Unspecified								40.676824583939954	-73.94876291239599	(40.676824583939954, -73.94876291239599)
16386889	04/06/2010 12:00:00 AM	06/30/2010 12:00:00 AM	HPD	Department of Housing Preservation and Development	ELECTRIC	ELECTRIC-WIRING	RESIDENTIAL BUILDING	11226	58 LINDEN BOULEVARD	LINDEN BOULEVARD	FLATBUSH AVENUE	CATON AVENUE			ADDRESS	BROOKLYN		N/A	Closed		The Department of Housing Preservation and Development inspected the following conditions. No violations were issued. The complaint has been closed.	06/30/2010 12:00:00 AM	0 Unspecified	3050860037	Unspecified	996146	176911	UNKNOWN	Unspecified	Unspecified								40.65224851276126	-73.9571283523581	(40.65224851276126, -73.9571283523581)
16386890	04/06/2010 12:00:00 AM	05/14/2010 12:00:00 AM	HPD	Department of Housing Preservation and Development	GENERAL CONSTRUCTION	CABINETS	RESIDENTIAL BUILDING	11236	982 EAST 106 STREET	EAST 106 STREET	FLATLANDS AVENUE	AVENUE J			ADDRESS	BROOKLYN		N/A	Closed		The Department of Housing Preservation and Development was not able to gain access to inspect the following conditions. The complaint has been closed. If the condition still exists, please file a new complaint.	05/14/2010 12:00:00 AM	0 Unspecified	3082130075	Unspecified	1014116	174839	UNKNOWN	Unspecified	Unspecified								40.646518953810066	-73.89237601313292	(40.646518953810066, -73.89237601313292)
16386891	04/06/2010 12:00:00 AM	05/05/2010 12:00:00 AM	HPD	Department of Housing Preservation and Development	GENERAL CONSTRUCTION	CABINETS	RESIDENTIAL BUILDING	11226	260 LENOX ROAD	LENOX ROAD	ROGERS AVENUE	NOSTRAND AVENUE			ADDRESS	BROOKLYN		N/A	Closed		The Department of Housing Preservation and Development inspected the following conditions. No violations were issued. The complaint has been closed.	05/05/2010 12:00:00 AM	0 Unspecified	3050850041	Unspecified	997849	177579	UNKNOWN	Unspecified	Unspecified								40.65407957531942	-73.95098961457474	(40.65407957531942, -73.95098961457474)
16386892	04/06/2010 12:00:00 AM	04/13/2010 12:00:00 AM	HPD	Department of Housing Preservation and Development	GENERAL CONSTRUCTION	CABINETS	RESIDENTIAL BUILDING	10460	999 EAST 180 STREET	EAST 180 STREET	BRYANT AVENUE	BOSTON ROAD			ADDRESS	BRONX		N/A	Closed		The Department of Housing Preservation and Development inspected the following conditions. No violations were issued. The complaint has been closed.	04/13/2010 12:00:00 AM	0 Unspecified	2031380001	Unspecified	1017712	246475	UNKNOWN	Unspecified	Unspecified								40.84312870404423	-73.87906121873314	(40.84312870404423, -73.87906121873314)
16386893	04/06/2010 12:00:00 AM	05/03/2010 12:00:00 AM	HPD	Department of Housing Preservation and Development	GENERAL CONSTRUCTION	DOORS	RESIDENTIAL BUILDING	11233	782 HANCOCK STREET	HANCOCK STREET	PATCHEN AVENUE	RALPH AVENUE			ADDRESS	BROOKLYN		N/A	Closed		The Department of Housing Preservation and Development was not able to gain access to inspect the following conditions. The complaint has been closed. If the condition still exists, please file a new complaint.	05/03/2010 12:00:00 AM	0 Unspecified	3016630038	Unspecified	1005229	189023	UNKNOWN	Unspecified	Unspecified								40.685476377846385	-73.92435671279132	(40.685476377846385, -73.92435671279132)
16386894	04/06/2010 12:00:00 AM	05/03/2010 12:00:00 AM	HPD	Department of Housing Preservation and Development	GENERAL CONSTRUCTION	DOORS	RESIDENTIAL BUILDING	11233	782 HANCOCK STREET	HANCOCK STREET	PATCHEN AVENUE	RALPH AVENUE			ADDRESS	BROOKLYN		N/A	Closed		The Department of Housing Preservation and Development was not able to gain access to inspect the following conditions. The complaint has been closed. If the condition still exists, please file a new complaint.	05/03/2010 12:00:00 AM	0 Unspecified	3016630038	Unspecified	1005229	189023	UNKNOWN	Unspecified	Unspecified								40.685476377846385	-73.92435671279132	(40.685476377846385, -73.92435671279132)
16386895	04/06/2010 12:00:00 AM	04/10/2010 12:00:00 AM	HPD	Department of Housing Preservation and Development	GENERAL CONSTRUCTION	DOORS	RESIDENTIAL BUILDING	11233	364 BAINBRIDGE STREET	BAINBRIDGE STREET	RALPH AVENUE	HOWARD AVENUE			ADDRESS	BROOKLYN		N/A	Closed		The Department of Housing Preservation and Development inspected the following conditions. Violations were issued. Information about specific violations is available at www.nyc.gov/hpd.	04/10/2010 12:00:00 AM	0 Unspecified	3015080011	Unspecified	1005892	187755	UNKNOWN	Unspecified	Unspecified								40.68199441212257	-73.92197022946803	(40.68199441212257, -73.92197022946803)
16386896	04/06/2010 12:00:00 AM	04/26/2010 12:00:00 AM	HPD	Department of Housing Preservation and Development	GENERAL CONSTRUCTION	DOORS	RESIDENTIAL BUILDING	11236	31 PAERDEGAT 3 STREET	PAERDEGAT 3 STREET	PAERDEGAT AVENUE NORTH	EAST 80 STREET			ADDRESS	BROOKLYN		N/A	Closed		The Department of Housing Preservation and Development was not able to gain access to inspect the following conditions. The complaint has been closed. If the condition still exists, please file a new complaint.	04/26/2010 12:00:00 AM	0 Unspecified	3080300055	Unspecified	1008959	169520	UNKNOWN	Unspecified	Unspecified								40.63193533317444	-73.91097904782262	(40.63193533317444, -73.91097904782262)
16386897	04/06/2010 12:00:00 AM	04/13/2010 12:00:00 AM	HPD	Department of Housing Preservation and Development	GENERAL CONSTRUCTION	DOORS	RESIDENTIAL BUILDING	10452	1177 WALTON AVENUE	WALTON AVENUE	MC CLELLAN STREET	TUDOR PLACE			ADDRESS	BRONX		N/A	Closed		The Department of Housing Preservation and Development inspected the following conditions. No violations were issued. The complaint has been closed.	04/13/2010 12:00:00 AM	0 Unspecified	2024790036	Unspecified	1006351	243122	UNKNOWN	Unspecified	Unspecified								40.8339614398769	-73.92013330820386	(40.8339614398769, -73.92013330820386)
16386898	04/06/2010 12:00:00 AM	04/12/2010 12:00:00 AM	HPD	Department of Housing Preservation and Development	GENERAL CONSTRUCTION	DOORS	RESIDENTIAL BUILDING	11234	1254 EAST 68 STREET	EAST 68 STREET	AVENUE L	AVENUE M			ADDRESS	BROOKLYN		N/A	Closed		The Department of Housing Preservation and Development inspected the following conditions. No violations were issued. The complaint has been closed.	04/12/2010 12:00:00 AM	0 Unspecified	3083530030	Unspecified	1007565	166545	UNKNOWN	Unspecified	Unspecified								40.623773366718254	-73.91601158882064	(40.623773366718254, -73.91601158882064)
16386899	04/06/2010 12:00:00 AM	04/13/2010 12:00:00 AM	HPD	Department of Housing Preservation and Development	GENERAL CONSTRUCTION	CABINETS	RESIDENTIAL BUILDING	10452	1177 WALTON AVENUE	WALTON AVENUE	MC CLELLAN STREET	TUDOR PLACE			ADDRESS	BRONX		N/A	Closed		The Department of Housing Preservation and Development inspected the following conditions. No violations were issued. The complaint has been closed.	04/13/2010 12:00:00 AM	0 Unspecified	2024790036	Unspecified	1006351	243122	UNKNOWN	Unspecified	Unspecified								40.8339614398769	-73.92013330820386	(40.8339614398769, -73.92013330820386)
16386900	04/06/2010 12:00:00 AM	04/26/2010 12:00:00 AM	HPD	Department of Housing Preservation and Development	GENERAL CONSTRUCTION	DOORS	RESIDENTIAL BUILDING	11221	857 GREENE AVENUE	GREENE AVENUE	LEWIS AVENUE	STUYVESANT AVENUE			ADDRESS	BROOKLYN		N/A	Closed		The Department of Housing Preservation and Development was not able to gain access to inspect the following conditions. The complaint has been closed. If the condition still exists, please file a new complaint.	04/26/2010 12:00:00 AM	0 Unspecified	3016150046	Unspecified	1002559	190810	UNKNOWN	Unspecified	Unspecified								40.690387207104216	-73.93397898341038	(40.690387207104216, -73.93397898341038)
16386901	04/06/2010 12:00:00 AM	04/30/2010 12:00:00 AM	HPD	Department of Housing Preservation and Development	GENERAL CONSTRUCTION	DOORS	RESIDENTIAL BUILDING	10033	1447 ST NICHOLAS AVENUE	ST NICHOLAS AVENUE	WEST 182 STREET	WEST 183 STREET			ADDRESS	NEW YORK		N/A	Closed		The Department of Housing Preservation and Development was not able to gain access to inspect the following conditions. The complaint has been closed. If the condition still exists, please file a new complaint.	04/30/2010 12:00:00 AM	0 Unspecified	1021650038	Unspecified	1002745	249011	UNKNOWN	Unspecified	Unspecified								40.85013330769284	-73.9331481139055	(40.85013330769284, -73.9331481139055)
16386902	04/06/2010 12:00:00 AM	04/26/2010 12:00:00 AM	HPD	Department of Housing Preservation and Development	GENERAL CONSTRUCTION	DOORS	RESIDENTIAL BUILDING	11203	5407 KINGS HIGHWAY	KINGS HIGHWAY	WHITTY LANE	JODIE COURT			ADDRESS	BROOKLYN		N/A	Closed		The Department of Housing Preservation and Development was not able to gain access to inspect the following conditions. The complaint has been closed. If the condition still exists, please file a new complaint.	04/26/2010 12:00:00 AM	0 Unspecified	3079300001	Unspecified	1004898	172775	UNKNOWN	Unspecified	Unspecified								40.64088000861711	-73.92559994659271	(40.64088000861711, -73.92559994659271)
16386903	04/06/2010 12:00:00 AM	04/15/2010 12:00:00 AM	HPD	Department of Housing Preservation and Development	GENERAL CONSTRUCTION	DOORS	RESIDENTIAL BUILDING	10467	3221 BAINBRIDGE AVENUE	BAINBRIDGE AVENUE	EAST 207 STREET	VAN CORTLANDT AVENUE EAST			ADDRESS	BRONX		N/A	Closed		The Department of Housing Preservation and Development inspected the following conditions. Violations were issued. Information about specific violations is available at www.nyc.gov/hpd.	04/15/2010 12:00:00 AM	0 Unspecified	2033350154	Unspecified	1017524	258621	UNKNOWN	Unspecified	Unspecified								40.87646650156661	-73.87968039325462	(40.87646650156661, -73.87968039325462)
16386904	04/06/2010 12:00:00 AM	04/13/2010 12:00:00 AM	HPD	Department of Housing Preservation and Development	APPLIANCE	ELECTRIC/GAS-RANGE	RESIDENTIAL BUILDING	11213	1417 PROSPECT PLACE	PROSPECT PLACE	UTICA AVENUE	ROCHESTER AVENUE			ADDRESS	BROOKLYN		N/A	Closed		The Department of Housing Preservation and Development inspected the following conditions. No violations were issued. The complaint has been closed.	04/13/2010 12:00:00 AM	0 Unspecified	3013610076	Unspecified	1003725	184555	UNKNOWN	Unspecified	Unspecified								40.6732161711646	-73.92979254543171	(40.6732161711646, -73.92979254543171)
16386905	04/06/2010 12:00:00 AM	04/14/2010 12:00:00 AM	HPD	Department of Housing Preservation and Development	APPLIANCE	ELECTRIC/GAS-RANGE	RESIDENTIAL BUILDING	10466	4054 CARPENTER AVENUE	CARPENTER AVENUE	EAST 228 STREET	EAST 229 STREET			ADDRESS	BRONX		N/A	Closed		The Department of Housing Preservation and Development inspected the following conditions. No violations were issued. The complaint has been closed.	04/14/2010 12:00:00 AM	0 Unspecified	2048310064	Unspecified	1022386	263924	UNKNOWN	Unspecified	Unspecified								40.891001892765935	-73.86206911401696	(40.891001892765935, -73.86206911401696)
16386906	04/06/2010 12:00:00 AM	05/06/2010 12:00:00 AM	HPD	Department of Housing Preservation and Development	APPLIANCE	ELECTRIC/GAS-RANGE	RESIDENTIAL BUILDING	10463	2840 BAILEY AVENUE	BAILEY AVENUE	WEST KINGSBRIDGE ROAD	WEST 229 STREET			ADDRESS	BRONX		N/A	Closed		The Department of Housing Preservation and Development was not able to gain access to inspect the following conditions. The complaint has been closed. If the condition still exists, please file a new complaint.	05/06/2010 12:00:00 AM	0 Unspecified	2032590022	Unspecified	1010532	257794	UNKNOWN	Unspecified	Unspecified								40.87422023300874	-73.90496685996638	(40.87422023300874, -73.90496685996638)
16386907	04/06/2010 12:00:00 AM	05/06/2010 12:00:00 AM	HPD	Department of Housing Preservation and Development	APPLIANCE	REFRIGERATOR	RESIDENTIAL BUILDING	11226	1 ST PAULS COURT	ST PAULS COURT	ST PAUL'S PLACE	OCEAN AVENUE			ADDRESS	BROOKLYN		N/A	Closed		The Department of Housing Preservation and Development was not able to gain access to inspect the following conditions. The complaint has been closed. If the condition still exists, please file a new complaint.	05/06/2010 12:00:00 AM	0 Unspecified	3050800039	Unspecified	994676	176364	UNKNOWN	Unspecified	Unspecified								40.65074896962073	-73.96242688737108	(40.65074896962073, -73.96242688737108)
16386908	04/06/2010 12:00:00 AM	04/22/2010 12:00:00 AM	HPD	Department of Housing Preservation and Development	APPLIANCE	REFRIGERATOR	RESIDENTIAL BUILDING	10033	4329 BROADWAY	BROADWAY	WEST 184 STREET	WEST 185 STREET			ADDRESS	NEW YORK		N/A	Closed		The Department of Housing Preservation and Development inspected the following conditions. No violations were issued. The complaint has been closed.	04/22/2010 12:00:00 AM	0 Unspecified	1021800122	Unspecified	1002350	249863	UNKNOWN	Unspecified	Unspecified								40.8524726129897	-73.93457357718036	(40.8524726129897, -73.93457357718036)
16386909	04/06/2010 12:00:00 AM	04/26/2010 12:00:00 AM	HPD	Department of Housing Preservation and Development	ELECTRIC	BELL-BUZZER/INTERCOM	RESIDENTIAL BUILDING	11221	857 GREENE AVENUE	GREENE AVENUE	LEWIS AVENUE	STUYVESANT AVENUE			ADDRESS	BROOKLYN		N/A	Closed		The Department of Housing Preservation and Development was not able to gain access to inspect the following conditions. The complaint has been closed. If the condition still exists, please file a new complaint.	04/26/2010 12:00:00 AM	0 Unspecified	3016150046	Unspecified	1002559	190810	UNKNOWN	Unspecified	Unspecified								40.690387207104216	-73.93397898341038	(40.690387207104216, -73.93397898341038)
16386910	04/06/2010 12:00:00 AM	04/14/2010 12:00:00 AM	HPD	Department of Housing Preservation and Development	PLUMBING	BATHTUB	RESIDENTIAL BUILDING	11432	87-40 165 STREET	165 STREET	CLINTON TERRACE	HILLSIDE AVENUE			ADDRESS	JAMAICA		N/A	Closed		The Department of Housing Preservation and Development inspected the following conditions. No violations were issued. The complaint has been closed.	04/14/2010 12:00:00 AM	0 Unspecified	4098360001	Unspecified	1040256	197825	UNKNOWN	Unspecified	Unspecified								40.7094834266287	-73.79798813357753	(40.7094834266287, -73.79798813357753)
16386911	04/06/2010 12:00:00 AM	04/15/2010 12:00:00 AM	HPD	Department of Housing Preservation and Development	PLUMBING	RADIATOR	RESIDENTIAL BUILDING	11233	221 BAINBRIDGE STREET	BAINBRIDGE STREET	MALCOLM X BOULEVARD	PATCHEN AVENUE			ADDRESS	BROOKLYN		N/A	Closed		The Department of Housing Preservation and Development inspected the following conditions. No violations were issued. The complaint has been closed.	04/15/2010 12:00:00 AM	0 Unspecified	3016820079	Unspecified	1004214	187510	UNKNOWN	Unspecified	Unspecified								40.68132588668723	-73.92802094577448	(40.68132588668723, -73.92802094577448)
16386912	04/06/2010 12:00:00 AM	05/10/2010 12:00:00 AM	HPD	Department of Housing Preservation and Development	PLUMBING	BATHTUB	RESIDENTIAL BUILDING	10039	2844 FREDERICK DOUGLASS BOULEVARD	FREDERICK DOUGLASS BOULEVARD	WEST 150 STREET	WEST 151 STREET			ADDRESS	NEW YORK		N/A	Closed		The Department of Housing Preservation and Development was not able to gain access to inspect the following conditions. The complaint has been closed. If the condition still exists, please file a new complaint.	05/10/2010 12:00:00 AM	0 Unspecified	1020360061	Unspecified	1001058	240378	UNKNOWN	Unspecified	Unspecified								40.826441607657465	-73.93926756392254	(40.826441607657465, -73.93926756392254)
16386913	04/06/2010 12:00:00 AM	04/29/2010 12:00:00 AM	HPD	Department of Housing Preservation and Development	PLUMBING	BATHTUB	RESIDENTIAL BUILDING	11226	1193 ROGERS AVENUE	ROGERS AVENUE	AVENUE D	NEWKIRK AVENUE			ADDRESS	BROOKLYN		N/A	Closed		The Department of Housing Preservation and Development was not able to gain access to inspect the following conditions. The complaint has been closed. If the condition still exists, please file a new complaint.	04/29/2010 12:00:00 AM	0 Unspecified	3052140001	Unspecified	997743	172677	UNKNOWN	Unspecified	Unspecified								40.6406248098138	-73.95138144071379	(40.6406248098138, -73.95138144071379)
16386914	04/06/2010 12:00:00 AM	04/24/2010 12:00:00 AM	HPD	Department of Housing Preservation and Development	PLUMBING	BATHTUB	RESIDENTIAL BUILDING	10458	2509 HOFFMAN STREET	HOFFMAN STREET	EAST 189 STREET	EAST FORDHAM ROAD			ADDRESS	BRONX		N/A	Closed		The Department of Housing Preservation and Development inspected the following conditions. No violations were issued. The complaint has been closed.	04/24/2010 12:00:00 AM	0 Unspecified	2030670022	Unspecified	1015746	252129	UNKNOWN	Unspecified	Unspecified								40.858654476714186	-73.88614019110922	(40.858654476714186, -73.88614019110922)
16386915	04/06/2010 12:00:00 AM	04/08/2010 12:00:00 AM	HPD	Department of Housing Preservation and Development	PLUMBING	BATHTUB	RESIDENTIAL BUILDING	10468	2607 JEROME AVENUE	JEROME AVENUE	WEST 192 STREET	EAST 193 STREET			ADDRESS	BRONX		N/A	Closed		The Department of Housing Preservation and Development inspected the following conditions. Violations were issued. Information about specific violations is available at www.nyc.gov/hpd.	04/08/2010 12:00:00 AM	0 Unspecified	2032020055	Unspecified	1012322	254825	UNKNOWN	Unspecified	Unspecified								40.86606572942326	-73.89850683939007	(40.86606572942326, -73.89850683939007)
16386916	04/06/2010 12:00:00 AM	04/15/2010 12:00:00 AM	HPD	Department of Housing Preservation and Development	PLUMBING	BATHTUB	RESIDENTIAL BUILDING	11419	104-20 115 STREET	115 STREET	LIBERTY AVENUE	107 AVENUE			ADDRESS	SOUTH RICHMOND HILL		N/A	Closed		The Department of Housing Preservation and Development inspected the following conditions. No violations were issued. The complaint has been closed.	04/15/2010 12:00:00 AM	0 Unspecified	4095370014	Unspecified	1032072	189025	UNKNOWN	Unspecified	Unspecified								40.68537754035318	-73.82756996016761	(40.68537754035318, -73.82756996016761)
16386917	04/06/2010 12:00:00 AM	04/10/2010 12:00:00 AM	HPD	Department of Housing Preservation and Development	PLUMBING	BATHTUB	RESIDENTIAL BUILDING	10467	3047 HULL AVENUE	HULL AVENUE	EAST MOSHOLU PARKWAY NORTH	EAST 204 STREET			ADDRESS	BRONX		N/A	Closed		The Department of Housing Preservation and Development inspected the following conditions. Violations were issued. Information about specific violations is available at www.nyc.gov/hpd.	04/10/2010 12:00:00 AM	0 Unspecified	2033330062	Unspecified	1017541	256857	UNKNOWN	Unspecified	Unspecified								40.871624804627665	-73.87962768619447	(40.871624804627665, -73.87962768619447)
16386918	04/06/2010 12:00:00 AM	04/15/2010 12:00:00 AM	HPD	Department of Housing Preservation and Development	PLUMBING	BATHTUB	RESIDENTIAL BUILDING	11419	104-20 115 STREET	115 STREET	LIBERTY AVENUE	107 AVENUE			ADDRESS	SOUTH RICHMOND HILL		N/A	Closed		The Department of Housing Preservation and Development inspected the following conditions. No violations were issued. The complaint has been closed.	04/15/2010 12:00:00 AM	0 Unspecified	4095370014	Unspecified	1032072	189025	UNKNOWN	Unspecified	Unspecified								40.68537754035318	-73.82756996016761	(40.68537754035318, -73.82756996016761)
16386919	04/06/2010 12:00:00 AM	04/26/2010 12:00:00 AM	HPD	Department of Housing Preservation and Development	PLUMBING	BATHTUB	RESIDENTIAL BUILDING	11238	85 LEFFERTS PLACE	LEFFERTS PLACE	GRAND AVENUE	CLASSON AVENUE			ADDRESS	BROOKLYN		N/A	Closed		The Department of Housing Preservation and Development was not able to gain access to inspect the following conditions. The complaint has been closed. If the condition still exists, please file a new complaint.	04/26/2010 12:00:00 AM	0 Unspecified	3020150075	Unspecified	995332	187441	UNKNOWN	Unspecified	Unspecified								40.681152073567105	-73.96004459338008	(40.681152073567105, -73.96004459338008)
16386920	04/06/2010 12:00:00 AM	04/26/2010 12:00:00 AM	HPD	Department of Housing Preservation and Development	PLUMBING	BATHTUB	RESIDENTIAL BUILDING	11203	5407 KINGS HIGHWAY	KINGS HIGHWAY	WHITTY LANE	JODIE COURT			ADDRESS	BROOKLYN		N/A	Closed		The Department of Housing Preservation and Development was not able to gain access to inspect the following conditions. The complaint has been closed. If the condition still exists, please file a new complaint.	04/26/2010 12:00:00 AM	0 Unspecified	3079300001	Unspecified	1004898	172775	UNKNOWN	Unspecified	Unspecified								40.64088000861711	-73.92559994659271	(40.64088000861711, -73.92559994659271)
16386921	04/06/2010 12:00:00 AM	04/26/2010 12:00:00 AM	HPD	Department of Housing Preservation and Development	PLUMBING	BATHTUB	RESIDENTIAL BUILDING	10454	526 EAST 138 STREET	EAST 138 STREET	BROOK AVENUE	ST ANNS AVENUE			ADDRESS	BRONX		N/A	Closed		The Department of Housing Preservation and Development inspected the following conditions. No violations were issued. The complaint has been closed.	04/26/2010 12:00:00 AM	0 Unspecified	2022650033	Unspecified	1006795	233398	UNKNOWN	Unspecified	Unspecified								40.8072706936056	-73.91856148929593	(40.8072706936056, -73.91856148929593)
16386922	04/06/2010 12:00:00 AM	04/14/2010 12:00:00 AM	HPD	Department of Housing Preservation and Development	GENERAL CONSTRUCTION	FLOOR	RESIDENTIAL BUILDING	11435	144-10 LAKEWOOD AVENUE	LAKEWOOD AVENUE	PINEGROVE STREET	INWOOD STREET			ADDRESS	JAMAICA		N/A	Closed		The Department of Housing Preservation and Development inspected the following conditions. Violations were issued. Information about specific violations is available at www.nyc.gov/hpd.	04/14/2010 12:00:00 AM	0 Unspecified	4119320021	Unspecified	1038713	190553	UNKNOWN	Unspecified	Unspecified								40.68953316728165	-73.80361247238214	(40.68953316728165, -73.80361247238214)
16386923	04/06/2010 12:00:00 AM	04/14/2010 12:00:00 AM	HPD	Department of Housing Preservation and Development	GENERAL CONSTRUCTION	STAIRS	RESIDENTIAL BUILDING	11237	358 PALMETTO STREET	PALMETTO STREET	IRVING AVENUE	RIDGEWOOD PLACE			ADDRESS	BROOKLYN		N/A	Closed		The Department of Housing Preservation and Development inspected the following conditions. No violations were issued. The complaint has been closed.	04/14/2010 12:00:00 AM	0 Unspecified	3033530005	Unspecified	1008576	193684	UNKNOWN	Unspecified	Unspecified								40.69826117458294	-73.91227172183005	(40.69826117458294, -73.91227172183005)
16386924	04/06/2010 12:00:00 AM	04/15/2010 12:00:00 AM	HPD	Department of Housing Preservation and Development	GENERAL CONSTRUCTION	WINDOWS	RESIDENTIAL BUILDING	11233	221 BAINBRIDGE STREET	BAINBRIDGE STREET	MALCOLM X BOULEVARD	PATCHEN AVENUE			ADDRESS	BROOKLYN		N/A	Closed		The Department of Housing Preservation and Development inspected the following conditions. No violations were issued. The complaint has been closed.	04/15/2010 12:00:00 AM	0 Unspecified	3016820079	Unspecified	1004214	187510	UNKNOWN	Unspecified	Unspecified								40.68132588668723	-73.92802094577448	(40.68132588668723, -73.92802094577448)
16386925	04/06/2010 12:00:00 AM	04/14/2010 12:00:00 AM	HPD	Department of Housing Preservation and Development	PLUMBING	BASIN/SINK	RESIDENTIAL BUILDING	10303	22 RICHMOND COURT	RICHMOND COURT	DEAD END	DEAD END			ADDRESS	STATEN ISLAND		N/A	Closed		The Department of Housing Preservation and Development inspected the following conditions. No violations were issued. The complaint has been closed.	04/14/2010 12:00:00 AM	0 Unspecified	5012547501	Unspecified	938369	172355	UNKNOWN	Unspecified	Unspecified								40.63963243234696	-74.1653180281675	(40.63963243234696, -74.1653180281675)
16386926	04/06/2010 12:00:00 AM	04/08/2010 12:00:00 AM	HPD	Department of Housing Preservation and Development	PLUMBING	BASIN/SINK	RESIDENTIAL BUILDING	10468	2607 JEROME AVENUE	JEROME AVENUE	WEST 192 STREET	EAST 193 STREET			ADDRESS	BRONX		N/A	Closed		The Department of Housing Preservation and Development inspected the following conditions. Violations were issued. Information about specific violations is available at www.nyc.gov/hpd.	04/08/2010 12:00:00 AM	0 Unspecified	2032020055	Unspecified	1012322	254825	UNKNOWN	Unspecified	Unspecified								40.86606572942326	-73.89850683939007	(40.86606572942326, -73.89850683939007)
16386927	04/06/2010 12:00:00 AM	04/13/2010 12:00:00 AM	HPD	Department of Housing Preservation and Development	PLUMBING	TOILET	RESIDENTIAL BUILDING	10032	853 RIVERSIDE DRIVE	RIVERSIDE DRIVE	BEND	WEST 160 STREET			ADDRESS	NEW YORK		N/A	Closed		The Department of Housing Preservation and Development inspected the following conditions. Violations were issued. Information about specific violations is available at www.nyc.gov/hpd.	04/13/2010 12:00:00 AM	0 Unspecified	1021350020	Unspecified	998976	244082	UNKNOWN	Unspecified	Unspecified								40.83661173853724	-73.94678233270378	(40.83661173853724, -73.94678233270378)
16386928	04/06/2010 12:00:00 AM	05/03/2010 12:00:00 AM	HPD	Department of Housing Preservation and Development	PAINT - PLASTER	RADIATOR	RESIDENTIAL BUILDING	11233	782 HANCOCK STREET	HANCOCK STREET	PATCHEN AVENUE	RALPH AVENUE			ADDRESS	BROOKLYN		N/A	Closed		The Department of Housing Preservation and Development was not able to gain access to inspect the following conditions. The complaint has been closed. If the condition still exists, please file a new complaint.	05/03/2010 12:00:00 AM	0 Unspecified	3016630038	Unspecified	1005229	189023	UNKNOWN	Unspecified	Unspecified								40.685476377846385	-73.92435671279132	(40.685476377846385, -73.92435671279132)
16386929	04/06/2010 12:00:00 AM	05/12/2010 12:00:00 AM	HPD	Department of Housing Preservation and Development	PAINT - PLASTER	WALLS	RESIDENTIAL BUILDING	10452	903 SUMMIT AVENUE	SUMMIT AVENUE	WEST 161 STREET	WEST 162 STREET			ADDRESS	BRONX		N/A	Closed		The Department of Housing Preservation and Development inspected the following conditions. No violations were issued. The complaint has been closed.	05/12/2010 12:00:00 AM	0 Unspecified	2025230043	Unspecified	1003225	242058	UNKNOWN	Unspecified	Unspecified								40.83104833638056	-73.93143278267478	(40.83104833638056, -73.93143278267478)
16386930	04/06/2010 12:00:00 AM	04/26/2010 12:00:00 AM	HPD	Department of Housing Preservation and Development	PAINT - PLASTER	WALLS	RESIDENTIAL BUILDING	11209	6914 RIDGE BOULEVARD	RIDGE BOULEVARD	BAY RIDGE AVENUE	70 STREET			ADDRESS	BROOKLYN		N/A	Closed		The Department of Housing Preservation and Development was not able to gain access to inspect the following conditions. The complaint has been closed. If the condition still exists, please file a new complaint.	04/26/2010 12:00:00 AM	0 Unspecified	3058700044	Unspecified	976273	171128	UNKNOWN	Unspecified	Unspecified								40.636379821461645	-74.02874124090742	(40.636379821461645, -74.02874124090742)
16386931	04/06/2010 12:00:00 AM	04/09/2010 12:00:00 AM	HPD	Department of Housing Preservation and Development	GENERAL CONSTRUCTION	WINDOWS	RESIDENTIAL BUILDING	11216	1221 DEAN STREET	DEAN STREET	NOSTRAND AVENUE	NEW YORK AVENUE			ADDRESS	BROOKLYN		N/A	Closed		The Department of Housing Preservation and Development inspected the following conditions. No violations were issued. The complaint has been closed.	04/09/2010 12:00:00 AM	0 Unspecified	3012070060	Unspecified	998462	185866	UNKNOWN	Unspecified	Unspecified								40.676824583939954	-73.94876291239599	(40.676824583939954, -73.94876291239599)
16386932	04/06/2010 12:00:00 AM	04/12/2010 12:00:00 AM	HPD	Department of Housing Preservation and Development	GENERAL CONSTRUCTION	WINDOWS	RESIDENTIAL BUILDING	10459	835 HOME STREET	HOME STREET	UNION AVENUE	PROSPECT AVENUE			ADDRESS	BRONX		N/A	Closed		The Department of Housing Preservation and Development inspected the following conditions. No violations were issued. The complaint has been closed.	04/12/2010 12:00:00 AM	0 Unspecified	2026810030	Unspecified	1012252	240890	UNKNOWN	Unspecified	Unspecified								40.827818505724345	-73.89881811587043	(40.827818505724345, -73.89881811587043)
16386933	04/06/2010 12:00:00 AM	04/12/2010 12:00:00 AM	HPD	Department of Housing Preservation and Development	GENERAL CONSTRUCTION	WINDOWS	RESIDENTIAL BUILDING	10459	870 FREEMAN STREET	FREEMAN STREET	REV JAMES POLITE AVENUE	INTERVALE AVENUE			ADDRESS	BRONX		N/A	Closed		The Department of Housing Preservation and Development inspected the following conditions. No violations were issued. The complaint has been closed.	04/12/2010 12:00:00 AM	0 Unspecified	2029730061	Unspecified	1013447	241884	UNKNOWN	Unspecified	Unspecified								40.83054287991612	-73.89449580419185	(40.83054287991612, -73.89449580419185)
16386934	04/06/2010 12:00:00 AM	04/09/2010 12:00:00 AM	HPD	Department of Housing Preservation and Development	PLUMBING	BASIN/SINK	RESIDENTIAL BUILDING	11216	1221 DEAN STREET	DEAN STREET	NOSTRAND AVENUE	NEW YORK AVENUE			ADDRESS	BROOKLYN		N/A	Closed		The Department of Housing Preservation and Development inspected the following conditions. Violations were issued. Information about specific violations is available at www.nyc.gov/hpd.	04/09/2010 12:00:00 AM	0 Unspecified	3012070060	Unspecified	998462	185866	UNKNOWN	Unspecified	Unspecified								40.676824583939954	-73.94876291239599	(40.676824583939954, -73.94876291239599)
16386935	04/06/2010 12:00:00 AM	04/29/2010 12:00:00 AM	HPD	Department of Housing Preservation and Development	PLUMBING	TOILET	RESIDENTIAL BUILDING	10457	1870 CROTONA AVENUE	CROTONA AVENUE	EAST 176 STREET	FAIRMOUNT PLACE			ADDRESS	BRONX		N/A	Closed		The Department of Housing Preservation and Development was not able to gain access to inspect the following conditions. The complaint has been closed. If the condition still exists, please file a new complaint.	04/29/2010 12:00:00 AM	0 Unspecified	2029500011	Unspecified	1014019	246751	UNKNOWN	Unspecified	Unspecified								40.8438994647052	-73.89240726630207	(40.8438994647052, -73.89240726630207)
16386936	04/06/2010 12:00:00 AM	04/26/2010 12:00:00 AM	HPD	Department of Housing Preservation and Development	PLUMBING	TOILET	RESIDENTIAL BUILDING	11226	1701 ALBEMARLE ROAD	ALBEMARLE ROAD	EAST 17 STREET	EAST 18 STREET			ADDRESS	BROOKLYN		N/A	Closed		The Department of Housing Preservation and Development was not able to gain access to inspect the following conditions. The complaint has been closed. If the condition still exists, please file a new complaint.	04/26/2010 12:00:00 AM	0 Unspecified	3050970120	Unspecified	994399	174972	UNKNOWN	Unspecified	Unspecified								40.646928553451495	-73.96342723146404	(40.646928553451495, -73.96342723146404)
16386937	04/06/2010 12:00:00 AM	04/26/2010 12:00:00 AM	HPD	Department of Housing Preservation and Development	NONCONST	SMOKE-DETECTOR	RESIDENTIAL BUILDING	11221	857 GREENE AVENUE	GREENE AVENUE	LEWIS AVENUE	STUYVESANT AVENUE			ADDRESS	BROOKLYN		N/A	Closed		The Department of Housing Preservation and Development was not able to gain access to inspect the following conditions. The complaint has been closed. If the condition still exists, please file a new complaint.	04/26/2010 12:00:00 AM	0 Unspecified	3016150046	Unspecified	1002559	190810	UNKNOWN	Unspecified	Unspecified								40.690387207104216	-73.93397898341038	(40.690387207104216, -73.93397898341038)
16386938	04/06/2010 12:00:00 AM	04/08/2010 12:00:00 AM	HPD	Department of Housing Preservation and Development	NONCONST	SMOKE-DETECTOR	RESIDENTIAL BUILDING	10474	1314 LAFAYETTE AVENUE	LAFAYETTE AVENUE	FAILE STREET	BRYANT AVENUE			ADDRESS	BRONX		N/A	Closed		The Department of Housing Preservation and Development inspected the following conditions. Violations were issued. Information about specific violations is available at www.nyc.gov/hpd.	04/08/2010 12:00:00 AM	0 Unspecified	2027630220	Unspecified	1015683	236908	UNKNOWN	Unspecified	Unspecified								40.81687750788494	-73.8864392732609	(40.81687750788494, -73.8864392732609)
16386939	04/06/2010 12:00:00 AM	04/22/2010 12:00:00 AM	HPD	Department of Housing Preservation and Development	NONCONST	VERMIN	RESIDENTIAL BUILDING	10304	225 PARK HILL AVENUE	PARK HILL AVENUE	BEND	SOBEL COURT			ADDRESS	STATEN ISLAND		N/A	Closed		The Department of Housing Preservation and Development inspected the following conditions. No violations were issued. The complaint has been closed.	04/22/2010 12:00:00 AM	0 Unspecified	5029220150	Unspecified	961397	163083	UNKNOWN	Unspecified	Unspecified								40.61427210444022	-74.08231241510751	(40.61427210444022, -74.08231241510751)
16386940	04/06/2010 12:00:00 AM	04/10/2010 12:00:00 AM	HPD	Department of Housing Preservation and Development	NONCONST	VERMIN	RESIDENTIAL BUILDING	11208	41 ESSEX STREET	ESSEX STREET	JAMAICA AVENUE	RIDGEWOOD AVENUE			ADDRESS	BROOKLYN		N/A	Closed		The Department of Housing Preservation and Development inspected the following conditions. Violations were issued. Information about specific violations is available at www.nyc.gov/hpd.	04/10/2010 12:00:00 AM	0 Unspecified	3039110004	Unspecified	1016521	188354	UNKNOWN	Unspecified	Unspecified								40.68360615985863	-73.8836447650701	(40.68360615985863, -73.8836447650701)
16386941	04/06/2010 12:00:00 AM	05/03/2010 12:00:00 AM	HPD	Department of Housing Preservation and Development	NONCONST	VERMIN	RESIDENTIAL BUILDING	11233	782 HANCOCK STREET	HANCOCK STREET	PATCHEN AVENUE	RALPH AVENUE			ADDRESS	BROOKLYN		N/A	Closed		The Department of Housing Preservation and Development was not able to gain access to inspect the following conditions. The complaint has been closed. If the condition still exists, please file a new complaint.	05/03/2010 12:00:00 AM	0 Unspecified	3016630038	Unspecified	1005229	189023	UNKNOWN	Unspecified	Unspecified								40.685476377846385	-73.92435671279132	(40.685476377846385, -73.92435671279132)
16386942	04/06/2010 12:00:00 AM	04/28/2010 12:00:00 AM	HPD	Department of Housing Preservation and Development	NONCONST	VERMIN	RESIDENTIAL BUILDING	10467	3769 BARNES AVENUE	BARNES AVENUE	EAST 218 STREET	EAST 219 STREET			ADDRESS	BRONX		N/A	Closed		The Department of Housing Preservation and Development inspected the following conditions. No violations were issued. The complaint has been closed.	04/28/2010 12:00:00 AM	0 Unspecified	2046660001	Unspecified	1022914	260737	UNKNOWN	Unspecified	Unspecified								40.88225229167074	-73.86017783749436	(40.88225229167074, -73.86017783749436)
16386943	04/06/2010 12:00:00 AM	04/15/2010 12:00:00 AM	HPD	Department of Housing Preservation and Development	NONCONST	VERMIN	RESIDENTIAL BUILDING	10456	314 EAST 164 STREET	EAST 164 STREET	COLLEGE AVENUE	FINDLAY AVENUE			ADDRESS	BRONX		N/A	Closed		The Department of Housing Preservation and Development inspected the following conditions. Violations were issued. Information about specific violations is available at www.nyc.gov/hpd.	04/15/2010 12:00:00 AM	0 Unspecified	2024230069	Unspecified	1007677	240870	UNKNOWN	Unspecified	Unspecified								40.827776931012494	-73.91534939074813	(40.827776931012494, -73.91534939074813)
16386944	04/06/2010 12:00:00 AM	04/16/2010 12:00:00 AM	HPD	Department of Housing Preservation and Development	NONCONST	VERMIN	RESIDENTIAL BUILDING	10472	1045 BOYNTON AVENUE	BOYNTON AVENUE	BRUCKNER BOULEVARD	WATSON AVENUE			ADDRESS	BRONX		N/A	Closed		The Department of Housing Preservation and Development inspected the following conditions. Violations were issued. Information about specific violations is available at www.nyc.gov/hpd.	04/16/2010 12:00:00 AM	0 Unspecified	2037140046	Unspecified	1018184	239861	UNKNOWN	Unspecified	Unspecified								40.82497339796215	-73.87738877195737	(40.82497339796215, -73.87738877195737)
16386945	04/06/2010 12:00:00 AM	04/13/2010 12:00:00 AM	HPD	Department of Housing Preservation and Development	NONCONST	VERMIN	RESIDENTIAL BUILDING	10452	1177 WALTON AVENUE	WALTON AVENUE	MC CLELLAN STREET	TUDOR PLACE			ADDRESS	BRONX		N/A	Closed		The Department of Housing Preservation and Development inspected the following conditions. Violations were issued. Information about specific violations is available at www.nyc.gov/hpd.	04/13/2010 12:00:00 AM	0 Unspecified	2024790036	Unspecified	1006351	243122	UNKNOWN	Unspecified	Unspecified								40.8339614398769	-73.92013330820386	(40.8339614398769, -73.92013330820386)
16386946	04/06/2010 12:00:00 AM	04/19/2010 12:00:00 AM	HPD	Department of Housing Preservation and Development	ELECTRIC	ELECTRIC-WIRING	RESIDENTIAL BUILDING	11221	144 GROVE STREET	GROVE STREET	EVERGREEN AVENUE	CENTRAL AVENUE			ADDRESS	BROOKLYN		N/A	Closed		The Department of Housing Preservation and Development was not able to gain access to inspect the following conditions. The complaint has been closed. If the condition still exists, please file a new complaint.	04/19/2010 12:00:00 AM	0 Unspecified	3033230031	Unspecified	1006475	192173	UNKNOWN	Unspecified	Unspecified								40.69411935835738	-73.91985366242677	(40.69411935835738, -73.91985366242677)
16386947	04/06/2010 12:00:00 AM	04/12/2010 12:00:00 AM	HPD	Department of Housing Preservation and Development	PAINT - PLASTER	WALLS	RESIDENTIAL BUILDING	10451	751 GERARD AVENUE	GERARD AVENUE	EAST 153 STREET	EAST 157 STREET			ADDRESS	BRONX		N/A	Closed		The Department of Housing Preservation and Development inspected the following conditions. No violations were issued. The complaint has been closed.	04/12/2010 12:00:00 AM	0 Unspecified	2024820030	Unspecified	1004515	239634	UNKNOWN	Unspecified	Unspecified								40.82439228493871	-73.926778619814	(40.82439228493871, -73.926778619814)
16386948	04/06/2010 12:00:00 AM	04/24/2010 12:00:00 AM	HPD	Department of Housing Preservation and Development	PAINT - PLASTER	WALLS	RESIDENTIAL BUILDING	10458	2509 HOFFMAN STREET	HOFFMAN STREET	EAST 189 STREET	EAST FORDHAM ROAD			ADDRESS	BRONX		N/A	Closed		The Department of Housing Preservation and Development inspected the following conditions. No violations were issued. The complaint has been closed.	04/24/2010 12:00:00 AM	0 Unspecified	2030670022	Unspecified	1015746	252129	UNKNOWN	Unspecified	Unspecified								40.858654476714186	-73.88614019110922	(40.858654476714186, -73.88614019110922)
16386949	04/06/2010 12:00:00 AM	04/29/2010 12:00:00 AM	HPD	Department of Housing Preservation and Development	PAINT - PLASTER	WALLS	RESIDENTIAL BUILDING	10031	18 ST NICHOLAS PLACE	ST NICHOLAS PLACE	DONNELLON SQUARE	WEST 151 STREET			ADDRESS	NEW YORK		N/A	Closed		The Department of Housing Preservation and Development was not able to gain access to inspect the following conditions. The complaint has been closed. If the condition still exists, please file a new complaint.	04/29/2010 12:00:00 AM	0 Unspecified	1020540036	Unspecified	1000268	240814	UNKNOWN	Unspecified	Unspecified								40.827639771078346	-73.94212103335633	(40.827639771078346, -73.94212103335633)
16386950	04/06/2010 12:00:00 AM	04/26/2010 12:00:00 AM	HPD	Department of Housing Preservation and Development	PAINT - PLASTER	WALLS	RESIDENTIAL BUILDING	10472	2132 WATSON AVENUE	WATSON AVENUE	OLMSTEAD AVENUE	CASTLE HILL AVENUE			ADDRESS	BRONX		N/A	Closed		The Department of Housing Preservation and Development inspected the following conditions. Violations were issued. Information about specific violations is available at www.nyc.gov/hpd.	04/26/2010 12:00:00 AM	0 Unspecified	2038080024	Unspecified	1025087	241524	UNKNOWN	Unspecified	Unspecified								40.829508634662886	-73.85243659041527	(40.829508634662886, -73.85243659041527)
16386951	04/06/2010 12:00:00 AM	04/26/2010 12:00:00 AM	HPD	Department of Housing Preservation and Development	PAINT - PLASTER	WALLS	RESIDENTIAL BUILDING	10472	2132 WATSON AVENUE	WATSON AVENUE	OLMSTEAD AVENUE	CASTLE HILL AVENUE			ADDRESS	BRONX		N/A	Closed		The Department of Housing Preservation and Development inspected the following conditions. Violations were issued. Information about specific violations is available at www.nyc.gov/hpd.	04/26/2010 12:00:00 AM	0 Unspecified	2038080024	Unspecified	1025087	241524	UNKNOWN	Unspecified	Unspecified								40.829508634662886	-73.85243659041527	(40.829508634662886, -73.85243659041527)
16386952	04/06/2010 12:00:00 AM	04/29/2010 12:00:00 AM	HPD	Department of Housing Preservation and Development	PAINT - PLASTER	WALLS	RESIDENTIAL BUILDING	10474	735 BRYANT AVENUE	BRYANT AVENUE	SPOFFORD AVENUE	LAFAYETTE AVENUE			ADDRESS	BRONX		N/A	Closed		The Department of Housing Preservation and Development was not able to gain access to inspect the following conditions. The complaint has been closed. If the condition still exists, please file a new complaint.	04/29/2010 12:00:00 AM	0 Unspecified	2027630233	Unspecified	1015858	236421	UNKNOWN	Unspecified	Unspecified								40.81554020606351	-73.88580932985562	(40.81554020606351, -73.88580932985562)
16386953	04/06/2010 12:00:00 AM	04/26/2010 12:00:00 AM	HPD	Department of Housing Preservation and Development	PAINT - PLASTER	WALLS	RESIDENTIAL BUILDING	10460	1723 TAYLOR AVENUE	TAYLOR AVENUE	VAN NEST AVENUE	MORRIS PARK AVENUE			ADDRESS	BRONX		N/A	Closed		The Department of Housing Preservation and Development was not able to gain access to inspect the following conditions. The complaint has been closed. If the condition still exists, please file a new complaint.	04/26/2010 12:00:00 AM	0 Unspecified	2040200022	Unspecified	1020441	246253	UNKNOWN	Unspecified	Unspecified								40.84250861667027	-73.8691992447988	(40.84250861667027, -73.8691992447988)
16386954	04/06/2010 12:00:00 AM	04/16/2010 12:00:00 AM	HPD	Department of Housing Preservation and Development	PAINT - PLASTER	WALLS	RESIDENTIAL BUILDING	10460	1110 WYATT STREET	WYATT STREET	DEVOE AVENUE	BRONX PARK AVENUE			ADDRESS	BRONX		N/A	Closed		The Department of Housing Preservation and Development conducted an inspection for the following conditions and identified potential lead-based paint conditions.  HPD will attempt to contact you to schedule a follow-up inspection to test the paint for lead	04/16/2010 12:00:00 AM	0 Unspecified	2039060001	Unspecified	1018201	245083	UNKNOWN	Unspecified	Unspecified								40.83930620730105	-73.8773009180668	(40.83930620730105, -73.8773009180668)
16386955	04/06/2010 12:00:00 AM	04/16/2010 12:00:00 AM	HPD	Department of Housing Preservation and Development	PAINT - PLASTER	WALLS	RESIDENTIAL BUILDING	10452	101 EAST 168 STREET	EAST 168 STREET	WALTON AVENUE	GRANDVIEW PLACE			ADDRESS	BRONX		N/A	Closed		The Department of Housing Preservation and Development conducted an inspection for the following conditions and identified potential lead-based paint conditions.  HPD will attempt to contact you to schedule a follow-up inspection to test the paint for lead	04/16/2010 12:00:00 AM	0 Unspecified	2024660001	Unspecified	1006878	244005	UNKNOWN	Unspecified	Unspecified								40.8363836841968	-73.91822590326187	(40.8363836841968, -73.91822590326187)
16386956	04/06/2010 12:00:00 AM	04/16/2010 12:00:00 AM	HPD	Department of Housing Preservation and Development	PAINT - PLASTER	WALLS	RESIDENTIAL BUILDING	10452	101 EAST 168 STREET	EAST 168 STREET	WALTON AVENUE	GRANDVIEW PLACE			ADDRESS	BRONX		N/A	Closed		The Department of Housing Preservation and Development conducted an inspection for the following conditions and identified potential lead-based paint conditions.  HPD will attempt to contact you to schedule a follow-up inspection to test the paint for lead	04/16/2010 12:00:00 AM	0 Unspecified	2024660001	Unspecified	1006878	244005	UNKNOWN	Unspecified	Unspecified								40.8363836841968	-73.91822590326187	(40.8363836841968, -73.91822590326187)
16386957	04/06/2010 12:00:00 AM	04/15/2010 12:00:00 AM	HPD	Department of Housing Preservation and Development	PLUMBING	BATHTUB	RESIDENTIAL BUILDING	10031	144 HAMILTON PLACE	HAMILTON PLACE	WEST 143 STREET	AMSTERDAM AVENUE			ADDRESS	NEW YORK		N/A	Closed		The Department of Housing Preservation and Development inspected the following conditions. Violations were issued. Information about specific violations is available at www.nyc.gov/hpd.	04/15/2010 12:00:00 AM	0 Unspecified	1020750036	Unspecified	998504	239606	UNKNOWN	Unspecified	Unspecified								40.824327178449465	-73.94849758348961	(40.824327178449465, -73.94849758348961)
16386958	04/06/2010 12:00:00 AM	04/21/2010 12:00:00 AM	HPD	Department of Housing Preservation and Development	PLUMBING	BATHTUB	RESIDENTIAL BUILDING	11233	176 DECATUR STREET	DECATUR STREET	MARCUS GARVEY BOULEVARD	LEWIS AVENUE			ADDRESS	BROOKLYN		N/A	Closed		The Department of Housing Preservation and Development inspected the following conditions. No violations were issued. The complaint has been closed.	04/21/2010 12:00:00 AM	0 Unspecified	3016790018	Unspecified	1001928	187430	UNKNOWN	Unspecified	Unspecified								40.68111116556212	-73.93626319411923	(40.68111116556212, -73.93626319411923)
16386959	04/06/2010 12:00:00 AM	04/26/2010 12:00:00 AM	HPD	Department of Housing Preservation and Development	PLUMBING	BATHTUB	RESIDENTIAL BUILDING	10457	1965 WEBSTER AVENUE	WEBSTER AVENUE	EAST 178 STREET	ALDEN PLACE			ADDRESS	BRONX		N/A	Closed		The Department of Housing Preservation and Development was not able to gain access to inspect the following conditions. The complaint has been closed. If the condition still exists, please file a new complaint.	04/26/2010 12:00:00 AM	0 Unspecified	2031420094	Unspecified	1011930	248775	UNKNOWN	Unspecified	Unspecified								40.849461540825224	-73.89994908128637	(40.849461540825224, -73.89994908128637)
16386960	04/06/2010 12:00:00 AM	04/13/2010 12:00:00 AM	HPD	Department of Housing Preservation and Development	PLUMBING	RADIATOR	RESIDENTIAL BUILDING	10468	2390 DAVIDSON AVENUE	DAVIDSON AVENUE	WEST 184 STREET	WEST FORDHAM ROAD			ADDRESS	BRONX		N/A	Closed		The Department of Housing Preservation and Development inspected the following conditions. Violations were issued. Information about specific violations is available at www.nyc.gov/hpd.	04/13/2010 12:00:00 AM	0 Unspecified	2031990059	Unspecified	1011033	253150	UNKNOWN	Unspecified	Unspecified								40.86147236900147	-73.90317385586658	(40.86147236900147, -73.90317385586658)
16386961	04/06/2010 12:00:00 AM	04/17/2010 12:00:00 AM	HPD	Department of Housing Preservation and Development	PLUMBING	RADIATOR	RESIDENTIAL BUILDING	11373	40-15 HAMPTON STREET	HAMPTON STREET	BAXTER AVENUE	BRITTON AVENUE			ADDRESS	ELMHURST		N/A	Closed		The Department of Housing Preservation and Development inspected the following conditions. No violations were issued. The complaint has been closed.	04/17/2010 12:00:00 AM	0 Unspecified	4015040080	Unspecified	1016861	211358	UNKNOWN	Unspecified	Unspecified								40.74674533309735	-73.88230743544399	(40.74674533309735, -73.88230743544399)
16386962	04/06/2010 12:00:00 AM	04/08/2010 12:00:00 AM	HPD	Department of Housing Preservation and Development	PLUMBING	TOILET	RESIDENTIAL BUILDING	10031	1739 AMSTERDAM AVENUE	AMSTERDAM AVENUE	WEST 146 STREET	WEST 147 STREET			ADDRESS	NEW YORK		N/A	Closed		The Department of Housing Preservation and Development inspected the following conditions. Violations were issued. Information about specific violations is available at www.nyc.gov/hpd.	04/08/2010 12:00:00 AM	0 Unspecified	1020610001	Unspecified	998907	240214	UNKNOWN	Unspecified	Unspecified								40.82599530577176	-73.9470401399315	(40.82599530577176, -73.9470401399315)
16386963	04/06/2010 12:00:00 AM	04/09/2010 12:00:00 AM	HPD	Department of Housing Preservation and Development	PLUMBING	WATER-LEAKS	RESIDENTIAL BUILDING	11229	1764 EAST 12 STREET	EAST 12 STREET	KINGS HIGHWAY	AVENUE R			ADDRESS	BROOKLYN		N/A	Closed		The Department of Housing Preservation and Development inspected the following conditions. Violations were issued. Information about specific violations is available at www.nyc.gov/hpd.	04/09/2010 12:00:00 AM	0 Unspecified	3067947501	Unspecified	995129	160232	UNKNOWN	Unspecified	Unspecified								40.60646948853851	-73.96082037344421	(40.60646948853851, -73.96082037344421)
16386964	04/06/2010 12:00:00 AM	04/24/2010 12:00:00 AM	HPD	Department of Housing Preservation and Development	PLUMBING	WATER-LEAKS	RESIDENTIAL BUILDING	11226	130 LENOX ROAD	LENOX ROAD	BEDFORD AVENUE	ROGERS AVENUE			ADDRESS	BROOKLYN		N/A	Closed		The Department of Housing Preservation and Development inspected the following conditions. No violations were issued. The complaint has been closed.	04/24/2010 12:00:00 AM	0 Unspecified	3050840029	Unspecified	996738	177491	UNKNOWN	Unspecified	Unspecified								40.65383967103058	-73.95499378724277	(40.65383967103058, -73.95499378724277)
16386965	04/06/2010 12:00:00 AM	04/10/2010 12:00:00 AM	HPD	Department of Housing Preservation and Development	PLUMBING	WATER-LEAKS	RESIDENTIAL BUILDING	11226	2020 ALBEMARLE ROAD	ALBEMARLE ROAD	OCEAN AVENUE	EAST 21 STREET			ADDRESS	BROOKLYN		N/A	Closed		The Department of Housing Preservation and Development inspected the following conditions. Violations were previously issued for these conditions. Information about specific violations is available at www.nyc.gov/hpd.	04/10/2010 12:00:00 AM	0 Unspecified	3051240007	Unspecified	995418	175113	UNKNOWN	Unspecified	Unspecified								40.64731434155107	-73.95975494697113	(40.64731434155107, -73.95975494697113)
16386966	04/06/2010 12:00:00 AM	04/17/2010 12:00:00 AM	HPD	Department of Housing Preservation and Development	PAINT - PLASTER	WALLS	RESIDENTIAL BUILDING	11214	2034 CROPSEY AVENUE	CROPSEY AVENUE	BAY 25 STREET	BAY 26 STREET			ADDRESS	BROOKLYN		N/A	Closed		The Department of Housing Preservation and Development inspected the following conditions. No violations were issued. The complaint has been closed.	04/17/2010 12:00:00 AM	0 Unspecified	3064690001	Unspecified	983717	157718	UNKNOWN	Unspecified	Unspecified								40.599575731851296	-74.00191934774864	(40.599575731851296, -74.00191934774864)
16386967	04/06/2010 12:00:00 AM	04/10/2010 12:00:00 AM	HPD	Department of Housing Preservation and Development	PAINT - PLASTER	WALLS	RESIDENTIAL BUILDING	11218	78 OCEAN PARKWAY	OCEAN PARKWAY	BEND	CATON AVENUE			ADDRESS	BROOKLYN		N/A	Closed		The Department of Housing Preservation and Development inspected the following conditions. Violations were issued. Information about specific violations is available at www.nyc.gov/hpd.	04/10/2010 12:00:00 AM	0 Unspecified		Unspecified	991044	175625	UNKNOWN	Unspecified	Unspecified								40.64872410631205	-73.97551659548536	(40.64872410631205, -73.97551659548536)
16386968	04/06/2010 12:00:00 AM	04/29/2010 12:00:00 AM	HPD	Department of Housing Preservation and Development	PAINT - PLASTER	WALLS	RESIDENTIAL BUILDING	10458	2780 GRAND CONCOURSE	GRAND CONCOURSE	MIRIAM STREET	EAST 197 STREET			ADDRESS	BRONX		N/A	Closed		The Department of Housing Preservation and Development was not able to gain access to inspect the following conditions. The complaint has been closed. If the condition still exists, please file a new complaint.	04/29/2010 12:00:00 AM	0 Unspecified	2033040098	Unspecified	1014047	255833	UNKNOWN	Unspecified	Unspecified								40.86882672635356	-73.89226569683444	(40.86882672635356, -73.89226569683444)
16386969	04/06/2010 12:00:00 AM	04/21/2010 12:00:00 AM	HPD	Department of Housing Preservation and Development	PAINT - PLASTER	WALLS	RESIDENTIAL BUILDING	10462	1719 ZEREGA AVENUE	ZEREGA AVENUE	MACLAY AVENUE	BUCK STREET			ADDRESS	BRONX		N/A	Closed		The Department of Housing Preservation and Development inspected the following conditions. No violations were issued. The complaint has been closed.	04/21/2010 12:00:00 AM	0 Unspecified	2039910061	Unspecified	1025316	245405	UNKNOWN	Unspecified	Unspecified								40.84015978200644	-73.85158534616555	(40.84015978200644, -73.85158534616555)
16386970	04/06/2010 12:00:00 AM	04/16/2010 12:00:00 AM	HPD	Department of Housing Preservation and Development	PAINT - PLASTER	WALLS	RESIDENTIAL BUILDING	10460	1110 WYATT STREET	WYATT STREET	DEVOE AVENUE	BRONX PARK AVENUE			ADDRESS	BRONX		N/A	Closed		The Department of Housing Preservation and Development conducted an inspection for the following conditions and identified potential lead-based paint conditions.  HPD will attempt to contact you to schedule a follow-up inspection to test the paint for lead	04/16/2010 12:00:00 AM	0 Unspecified	2039060001	Unspecified	1018201	245083	UNKNOWN	Unspecified	Unspecified								40.83930620730105	-73.8773009180668	(40.83930620730105, -73.8773009180668)
16386971	04/06/2010 12:00:00 AM	04/14/2010 12:00:00 AM	HPD	Department of Housing Preservation and Development	PAINT - PLASTER	WALLS	RESIDENTIAL BUILDING	11226	406 EAST 21 STREET	EAST 21 STREET	BEVERLY ROAD	CORTELYOU ROAD			ADDRESS	BROOKLYN		N/A	Closed		The Department of Housing Preservation and Development inspected the following conditions. No violations were issued. The complaint has been closed.	04/14/2010 12:00:00 AM	0 Unspecified	3051510017	Unspecified	995664	174033	UNKNOWN	Unspecified	Unspecified								40.64434966133009	-73.95887028780612	(40.64434966133009, -73.95887028780612)
16386972	04/06/2010 12:00:00 AM	05/03/2010 12:00:00 AM	HPD	Department of Housing Preservation and Development	PAINT - PLASTER	WALLS	RESIDENTIAL BUILDING	11213	1564 PACIFIC STREET	PACIFIC STREET	ALBANY AVENUE	TROY AVENUE			ADDRESS	BROOKLYN		N/A	Closed		The Department of Housing Preservation and Development was not able to gain access to inspect the following conditions. The complaint has been closed. If the condition still exists, please file a new complaint.	05/03/2010 12:00:00 AM	0 Unspecified	3013400023	Unspecified	1001635	185920	UNKNOWN	Unspecified	Unspecified								40.676967138909085	-73.93732348035172	(40.676967138909085, -73.93732348035172)
16386973	04/06/2010 12:00:00 AM	04/29/2010 12:00:00 AM	HPD	Department of Housing Preservation and Development	PAINT - PLASTER	WALLS	RESIDENTIAL BUILDING	10466	4210 DIGNEY AVENUE	DIGNEY AVENUE	BUSSING AVENUE	PITMAN AVENUE			ADDRESS	BRONX		N/A	Closed		The Department of Housing Preservation and Development was not able to gain access to inspect the following conditions. The complaint has been closed. If the condition still exists, please file a new complaint.	04/29/2010 12:00:00 AM	0 Unspecified	2050060069	Unspecified	1025271	264945	UNKNOWN	Unspecified	Unspecified								40.893791270264245	-73.8516283650093	(40.893791270264245, -73.8516283650093)
16386974	04/06/2010 12:00:00 AM	04/26/2010 12:00:00 AM	HPD	Department of Housing Preservation and Development	PAINT - PLASTER	WALLS	RESIDENTIAL BUILDING	10472	2132 WATSON AVENUE	WATSON AVENUE	OLMSTEAD AVENUE	CASTLE HILL AVENUE			ADDRESS	BRONX		N/A	Closed		The Department of Housing Preservation and Development inspected the following conditions. Violations were issued. Information about specific violations is available at www.nyc.gov/hpd.	04/26/2010 12:00:00 AM	0 Unspecified	2038080024	Unspecified	1025087	241524	UNKNOWN	Unspecified	Unspecified								40.829508634662886	-73.85243659041527	(40.829508634662886, -73.85243659041527)
16386975	04/06/2010 12:00:00 AM	04/11/2010 12:00:00 AM	HPD	Department of Housing Preservation and Development	PAINT - PLASTER	WALLS	RESIDENTIAL BUILDING	11203	3405 FOSTER AVENUE	FOSTER AVENUE	NEW YORK AVENUE	BROOKLYN AVENUE			ADDRESS	BROOKLYN		N/A	Closed		The Department of Housing Preservation and Development inspected the following conditions. No violations were issued. The complaint has been closed.	04/11/2010 12:00:00 AM	0 Unspecified	3049670040	Unspecified	999725	172037	UNKNOWN	Unspecified	Unspecified								40.63886490592334	-73.94424128257292	(40.63886490592334, -73.94424128257292)
16386976	04/06/2010 12:00:00 AM	04/30/2010 12:00:00 AM	HPD	Department of Housing Preservation and Development	PLUMBING	WATER-LEAKS	RESIDENTIAL BUILDING	10033	1447 ST NICHOLAS AVENUE	ST NICHOLAS AVENUE	WEST 182 STREET	WEST 183 STREET			ADDRESS	NEW YORK		N/A	Closed		The Department of Housing Preservation and Development was not able to gain access to inspect the following conditions. The complaint has been closed. If the condition still exists, please file a new complaint.	04/30/2010 12:00:00 AM	0 Unspecified	1021650038	Unspecified	1002745	249011	UNKNOWN	Unspecified	Unspecified								40.85013330769284	-73.9331481139055	(40.85013330769284, -73.9331481139055)
16386977	04/06/2010 12:00:00 AM	05/12/2010 12:00:00 AM	HPD	Department of Housing Preservation and Development	PLUMBING	WATER-LEAKS	RESIDENTIAL BUILDING	11373	86-45 ST JAMES AVENUE	ST JAMES AVENUE	BROADWAY	88 STREET			ADDRESS	ELMHURST		N/A	Closed		The Department of Housing Preservation and Development inspected the following conditions. No violations were issued. The complaint has been closed.	05/12/2010 12:00:00 AM	0 Unspecified	4015810028	Unspecified	1017996	208951	UNKNOWN	Unspecified	Unspecified								40.74013446721195	-73.87822332055042	(40.74013446721195, -73.87822332055042)
16386978	04/06/2010 12:00:00 AM	04/11/2010 12:00:00 AM	HPD	Department of Housing Preservation and Development	PLUMBING	WATER-LEAKS	RESIDENTIAL BUILDING	10075	414 EAST 77 STREET	EAST 77 STREET	1 AVENUE	YORK AVENUE			ADDRESS	NEW YORK		N/A	Closed		The Department of Housing Preservation and Development inspected the following conditions. No violations were issued. The complaint has been closed.	04/11/2010 12:00:00 AM	0 Unspecified	1014710041	Unspecified	997243	220096	UNKNOWN	Unspecified	Unspecified								40.770779489552176	-73.95309156499654	(40.770779489552176, -73.95309156499654)
16386979	04/06/2010 12:00:00 AM	04/09/2010 12:00:00 AM	HPD	Department of Housing Preservation and Development	PLUMBING	WATER-LEAKS	RESIDENTIAL BUILDING	11218	178 OCEAN PARKWAY	OCEAN PARKWAY	CATON AVENUE	ALBEMARLE ROAD			ADDRESS	BROOKLYN		N/A	Closed		The Department of Housing Preservation and Development inspected the following conditions. Violations were issued. Information about specific violations is available at www.nyc.gov/hpd.	04/09/2010 12:00:00 AM	0 Unspecified	3053280037	Unspecified	991229	174535	UNKNOWN	Unspecified	Unspecified								40.645732148289255	-73.97485104237367	(40.645732148289255, -73.97485104237367)
16386980	04/06/2010 12:00:00 AM	04/08/2010 12:00:00 AM	HPD	Department of Housing Preservation and Development	PLUMBING	WATER-LEAKS	RESIDENTIAL BUILDING	11236	599 EAST 80 STREET	EAST 80 STREET	FOSTER AVENUE	FARRAGUT ROAD			ADDRESS	BROOKLYN		N/A	Closed		The Department of Housing Preservation and Development inspected the following conditions. Violations were issued. Information about specific violations is available at www.nyc.gov/hpd.	04/08/2010 12:00:00 AM	0 Unspecified	3079590003	Unspecified	1007254	172080	UNKNOWN	Unspecified	Unspecified								40.638966577406514	-73.91711304718473	(40.638966577406514, -73.91711304718473)
16386981	04/06/2010 12:00:00 AM	04/09/2010 12:00:00 AM	HPD	Department of Housing Preservation and Development	PLUMBING	WATER-LEAKS	RESIDENTIAL BUILDING	10468	20 WEST MOSHOLU PARKWAY SOUTH	WEST MOSHOLU PARKWAY SOUTH	EAST MOSHOLU PARKWAY SOUTH	PAUL AVENUE			ADDRESS	BRONX		N/A	Closed		The Department of Housing Preservation and Development inspected the following conditions. Violations were issued. Information about specific violations is available at www.nyc.gov/hpd.	04/09/2010 12:00:00 AM	0 Unspecified	2032510490	Unspecified	1015817	259868	UNKNOWN	Unspecified	Unspecified								40.879895397805726	-73.8858470641163	(40.879895397805726, -73.8858470641163)
16386982	04/06/2010 12:00:00 AM	05/12/2010 12:00:00 AM	HPD	Department of Housing Preservation and Development	GENERAL CONSTRUCTION	VENTILATION SYSTEM	RESIDENTIAL BUILDING	10024	101 WEST 85 STREET	WEST 85 STREET	COLUMBUS AVENUE	AMSTERDAM AVENUE			ADDRESS	NEW YORK		N/A	Closed		The Department of Housing Preservation and Development inspected the following conditions. No violations were issued. The complaint has been closed.	05/12/2010 12:00:00 AM	0 Unspecified	1012160027	Unspecified	991701	225636	UNKNOWN	Unspecified	Unspecified								40.7859917356105	-73.97309362008875	(40.7859917356105, -73.97309362008875)
16386983	04/06/2010 12:00:00 AM	04/30/2010 12:00:00 AM	HPD	Department of Housing Preservation and Development	GENERAL CONSTRUCTION	WINDOWS	RESIDENTIAL BUILDING	11216	816 PROSPECT PLACE	PROSPECT PLACE	NOSTRAND AVENUE	NEW YORK AVENUE			ADDRESS	BROOKLYN		N/A	Closed		The Department of Housing Preservation and Development inspected the following conditions. No violations were issued. The complaint has been closed.	04/30/2010 12:00:00 AM	0 Unspecified	3012340010	Unspecified	998304	184933	UNKNOWN	Unspecified	Unspecified								40.67426396183534	-73.94933447921152	(40.67426396183534, -73.94933447921152)
16386984	04/06/2010 12:00:00 AM	04/14/2010 12:00:00 AM	HPD	Department of Housing Preservation and Development	GENERAL CONSTRUCTION	WINDOWS	RESIDENTIAL BUILDING	10034	65 PARK TERRACE WEST	PARK TERRACE WEST	WEST 215 STREET	WEST 217 STREET			ADDRESS	NEW YORK		N/A	Closed		The Department of Housing Preservation and Development inspected the following conditions. No violations were issued. The complaint has been closed.	04/14/2010 12:00:00 AM	0 Unspecified	1022430395	Unspecified	1007075	256712	UNKNOWN	Unspecified	Unspecified								40.87126009329037	-73.91747071175804	(40.87126009329037, -73.91747071175804)
16386985	04/06/2010 12:00:00 AM	04/26/2010 12:00:00 AM	HPD	Department of Housing Preservation and Development	GENERAL CONSTRUCTION	WINDOWS	RESIDENTIAL BUILDING	11208	303 MONTAUK AVENUE	MONTAUK AVENUE	SUTTER AVENUE	BLAKE AVENUE			ADDRESS	BROOKLYN		N/A	Closed		The Department of Housing Preservation and Development was not able to gain access to inspect the following conditions. The complaint has been closed. If the condition still exists, please file a new complaint.	04/26/2010 12:00:00 AM	0 Unspecified	3040560009	Unspecified	1018314	183840	UNKNOWN	Unspecified	Unspecified								40.67120954324252	-73.8772028083216	(40.67120954324252, -73.8772028083216)
16386986	04/06/2010 12:00:00 AM	04/11/2010 12:00:00 AM	HPD	Department of Housing Preservation and Development	PAINT - PLASTER	CEILING	RESIDENTIAL BUILDING	10027	408 WEST 130 STREET	WEST 130 STREET	ST NICHOLAS TERRACE	CONVENT AVENUE			ADDRESS	NEW YORK		N/A	Closed		The Department of Housing Preservation and Development inspected the following conditions. Violations were issued. Information about specific violations is available at www.nyc.gov/hpd.	04/11/2010 12:00:00 AM	0 Unspecified	1019690050	Unspecified	997677	236004	UNKNOWN	Unspecified	Unspecified								40.81444200034695	-73.95149289826864	(40.81444200034695, -73.95149289826864)
16386987	04/06/2010 12:00:00 AM	04/12/2010 12:00:00 AM	HPD	Department of Housing Preservation and Development	ELECTRIC	ELECTRIC-WIRING	RESIDENTIAL BUILDING	11226	1826 NOSTRAND AVENUE	NOSTRAND AVENUE	CLARENDON ROAD	AVENUE D			ADDRESS	BROOKLYN		N/A	Closed		The Department of Housing Preservation and Development inspected the following conditions. No violations were issued. The complaint has been closed.	04/12/2010 12:00:00 AM	0 Unspecified	3051950039	Unspecified	998519	172999	UNKNOWN	Unspecified	Unspecified								40.64150741446626	-73.94858464367753	(40.64150741446626, -73.94858464367753)
16386988	04/06/2010 12:00:00 AM	04/29/2010 12:00:00 AM	HPD	Department of Housing Preservation and Development	GENERAL CONSTRUCTION	DOORS	RESIDENTIAL BUILDING	10458	2621 BRIGGS AVENUE	BRIGGS AVENUE	COLES LANE	EAST 194 STREET			ADDRESS	BRONX		N/A	Closed		The Department of Housing Preservation and Development was not able to gain access to inspect the following conditions. The complaint has been closed. If the condition still exists, please file a new complaint.	04/29/2010 12:00:00 AM	0 Unspecified	2032930135	Unspecified	1013804	254231	UNKNOWN	Unspecified	Unspecified								40.864430543455775	-73.89315135412761	(40.864430543455775, -73.89315135412761)
16386989	04/06/2010 12:00:00 AM	04/21/2010 12:00:00 AM	HPD	Department of Housing Preservation and Development	GENERAL CONSTRUCTION	DOORS	RESIDENTIAL BUILDING	11692	129 BEACH 56 PLACE	BEACH 56 PLACE	DEAD END	ROCKAWAY BEACH BOULEVARD			ADDRESS	ARVERNE		N/A	Closed		The Department of Housing Preservation and Development was not able to gain access to inspect the following conditions. The complaint has been closed. If the condition still exists, please file a new complaint.	04/21/2010 12:00:00 AM	0 Unspecified	4159260001	Unspecified	1043658	154558	UNKNOWN	Unspecified	Unspecified								40.590703094108896	-73.78609836001263	(40.590703094108896, -73.78609836001263)
16386990	04/06/2010 12:00:00 AM	04/19/2010 12:00:00 AM	HPD	Department of Housing Preservation and Development	PAINT - PLASTER	CEILING	RESIDENTIAL BUILDING	10458	2383 WASHINGTON AVENUE	WASHINGTON AVENUE	EAST 186 STREET	EAST 187 STREET			ADDRESS	BRONX		N/A	Closed		The Department of Housing Preservation and Development inspected the following conditions. No violations were issued. The complaint has been closed.	04/19/2010 12:00:00 AM	0 Unspecified	2030400022	Unspecified	1014273	251637	UNKNOWN	Unspecified	Unspecified								40.857309217384326	-73.89146736693992	(40.857309217384326, -73.89146736693992)
16386991	04/06/2010 12:00:00 AM	04/26/2010 12:00:00 AM	HPD	Department of Housing Preservation and Development	PAINT - PLASTER	CEILING	RESIDENTIAL BUILDING	11221	857 GREENE AVENUE	GREENE AVENUE	LEWIS AVENUE	STUYVESANT AVENUE			ADDRESS	BROOKLYN		N/A	Closed		The Department of Housing Preservation and Development was not able to gain access to inspect the following conditions. The complaint has been closed. If the condition still exists, please file a new complaint.	04/26/2010 12:00:00 AM	0 Unspecified	3016150046	Unspecified	1002559	190810	UNKNOWN	Unspecified	Unspecified								40.690387207104216	-73.93397898341038	(40.690387207104216, -73.93397898341038)
16386992	04/06/2010 12:00:00 AM	04/26/2010 12:00:00 AM	HPD	Department of Housing Preservation and Development	PAINT - PLASTER	CEILING	RESIDENTIAL BUILDING	11223	2018 WEST 9 STREET	WEST 9 STREET	AVENUE T	AVENUE U			ADDRESS	BROOKLYN		N/A	Closed		The Department of Housing Preservation and Development was not able to gain access to inspect the following conditions. The complaint has been closed. If the condition still exists, please file a new complaint.	04/26/2010 12:00:00 AM	0 Unspecified	3070960013	Unspecified	989616	157079	UNKNOWN	Unspecified	Unspecified								40.59782019768256	-73.9806773934057	(40.59782019768256, -73.9806773934057)
16386993	04/06/2010 12:00:00 AM	04/12/2010 12:00:00 AM	HPD	Department of Housing Preservation and Development	PAINT - PLASTER	CEILING	RESIDENTIAL BUILDING	10451	751 GERARD AVENUE	GERARD AVENUE	EAST 153 STREET	EAST 157 STREET			ADDRESS	BRONX		N/A	Closed		The Department of Housing Preservation and Development inspected the following conditions. No violations were issued. The complaint has been closed.	04/12/2010 12:00:00 AM	0 Unspecified	2024820030	Unspecified	1004515	239634	UNKNOWN	Unspecified	Unspecified								40.82439228493871	-73.926778619814	(40.82439228493871, -73.926778619814)
16386994	04/06/2010 12:00:00 AM	04/17/2010 12:00:00 AM	HPD	Department of Housing Preservation and Development	PAINT - PLASTER	CEILING	RESIDENTIAL BUILDING	10458	2363 VALENTINE AVENUE	VALENTINE AVENUE	EAST 183 STREET	EAST 184 STREET			ADDRESS	BRONX		N/A	Closed		The Department of Housing Preservation and Development inspected the following conditions. Violations were issued. Information about specific violations is available at www.nyc.gov/hpd.	04/17/2010 12:00:00 AM	0 Unspecified	2031510030	Unspecified	1012597	252030	UNKNOWN	Unspecified	Unspecified								40.85839342432688	-73.89752441067942	(40.85839342432688, -73.89752441067942)
16386995	04/06/2010 12:00:00 AM	04/09/2010 12:00:00 AM	HPD	Department of Housing Preservation and Development	APPLIANCE	ELECTRIC/GAS-RANGE	RESIDENTIAL BUILDING	11693	182 BEACH 92 STREET	BEACH 92 STREET	HOLLAND AVENUE	ROCKAWAY BEACH BOULEVARD			ADDRESS	FAR ROCKAWAY		N/A	Closed		The Department of Housing Preservation and Development inspected the following conditions. Violations were issued. Information about specific violations is available at www.nyc.gov/hpd.	04/09/2010 12:00:00 AM	0 Unspecified	4161340013	Unspecified	1035621	152808	UNKNOWN	Unspecified	Unspecified								40.585949927951276	-73.81504921372759	(40.585949927951276, -73.81504921372759)
16386996	04/06/2010 12:00:00 AM	05/03/2010 12:00:00 AM	HPD	Department of Housing Preservation and Development	APPLIANCE	ELECTRIC/GAS-RANGE	RESIDENTIAL BUILDING	11420	132-11 LINDEN BOULEVARD	LINDEN BOULEVARD	132 STREET	133 STREET			ADDRESS	SOUTH OZONE PARK		N/A	Closed		The Department of Housing Preservation and Development inspected the following conditions. No violations were issued. The complaint has been closed.	05/03/2010 12:00:00 AM	0 Unspecified	4116360035	Unspecified	1037059	187752	UNKNOWN	Unspecified	Unspecified								40.681855104600224	-73.80959854709965	(40.681855104600224, -73.80959854709965)
16386997	04/06/2010 12:00:00 AM	04/30/2010 12:00:00 AM	HPD	Department of Housing Preservation and Development	APPLIANCE	ELECTRIC/GAS-RANGE	RESIDENTIAL BUILDING	10032	100 AUDUBON AVENUE	AUDUBON AVENUE	WEST 170 STREET	WEST 171 STREET			ADDRESS	NEW YORK		N/A	Closed		The Department of Housing Preservation and Development was not able to gain access to inspect the following conditions. The complaint has been closed. If the condition still exists, please file a new complaint.	04/30/2010 12:00:00 AM	0 Unspecified	1021270022	Unspecified	1001571	245982	UNKNOWN	Unspecified	Unspecified								40.841821976346026	-73.93739946817965	(40.841821976346026, -73.93739946817965)
16386998	04/06/2010 12:00:00 AM	04/13/2010 12:00:00 AM	HPD	Department of Housing Preservation and Development	APPLIANCE	ELECTRIC/GAS-RANGE	RESIDENTIAL BUILDING	10009	181 EAST 2 STREET	EAST 2 STREET	AVENUE A	AVENUE B			ADDRESS	NEW YORK		N/A	Closed		The Department of Housing Preservation and Development inspected the following conditions. No violations were issued. The complaint has been closed.	04/13/2010 12:00:00 AM	0 Unspecified	1003970022	Unspecified	988559	202482	UNKNOWN	Unspecified	Unspecified								40.7224419811395	-73.9844545652207	(40.7224419811395, -73.9844545652207)
16386999	04/06/2010 12:00:00 AM	04/26/2010 12:00:00 AM	HPD	Department of Housing Preservation and Development	APPLIANCE	ELECTRIC/GAS-RANGE	RESIDENTIAL BUILDING	11208	303 MONTAUK AVENUE	MONTAUK AVENUE	SUTTER AVENUE	BLAKE AVENUE			ADDRESS	BROOKLYN		N/A	Closed		The Department of Housing Preservation and Development was not able to gain access to inspect the following conditions. The complaint has been closed. If the condition still exists, please file a new complaint.	04/26/2010 12:00:00 AM	0 Unspecified	3040560009	Unspecified	1018314	183840	UNKNOWN	Unspecified	Unspecified								40.67120954324252	-73.8772028083216	(40.67120954324252, -73.8772028083216)
16387000	04/06/2010 12:00:00 AM	04/14/2010 12:00:00 AM	HPD	Department of Housing Preservation and Development	APPLIANCE	ELECTRIC/GAS-RANGE	RESIDENTIAL BUILDING	10037	2300 5 AVENUE	5 AVENUE	HARLEM RIVER DRV NB EN E 139 ST	WEST 141 STREET			ADDRESS	NEW YORK		N/A	Closed		The Department of Housing Preservation and Development inspected the following conditions. No violations were issued. The complaint has been closed.	04/14/2010 12:00:00 AM	0 Unspecified	1017370025	Unspecified	1002067	236396	UNKNOWN	Unspecified	Unspecified								40.815510167325854	-73.93563231275274	(40.815510167325854, -73.93563231275274)
16387001	04/07/2010 12:00:00 AM	04/21/2010 12:00:00 AM	HPD	Department of Housing Preservation and Development	NONCONST	VERMIN	RESIDENTIAL BUILDING	10456	465 EAST 167 STREET	EAST 167 STREET	PARK AVENUE	WASHINGTON AVENUE			ADDRESS	BRONX		N/A	Closed		The Department of Housing Preservation and Development inspected the following conditions. Violations were issued. Information about specific violations is available at www.nyc.gov/hpd.	04/21/2010 12:00:00 AM	0 Unspecified	2023890051	Unspecified	1009680	241667	UNKNOWN	Unspecified	Unspecified								40.82995892703917	-73.90810877843994	(40.82995892703917, -73.90810877843994)
16387002	04/06/2010 12:00:00 AM	04/19/2010 12:00:00 AM	HPD	Department of Housing Preservation and Development	NONCONST	VERMIN	RESIDENTIAL BUILDING	10459	899 EAST 169 STREET	EAST 169 STREET	LYMAN PLACE	HOME STREET			ADDRESS	BRONX		N/A	Closed		The Department of Housing Preservation and Development inspected the following conditions. No violations were issued. The complaint has been closed.	04/19/2010 12:00:00 AM	0 Unspecified	2029730041	Unspecified	1013138	241078	UNKNOWN	Unspecified	Unspecified								40.82833165828024	-73.89561585412751	(40.82833165828024, -73.89561585412751)
16387003	04/06/2010 12:00:00 AM	04/12/2010 12:00:00 AM	HPD	Department of Housing Preservation and Development	NONCONST	VERMIN	RESIDENTIAL BUILDING	10458	2400 VALENTINE AVENUE	VALENTINE AVENUE	EAST 184 STREET	EAST 187 STREET			ADDRESS	BRONX		N/A	Closed		The Department of Housing Preservation and Development inspected the following conditions. Violations were issued. Information about specific violations is available at www.nyc.gov/hpd.	04/12/2010 12:00:00 AM	0 Unspecified	2031470012	Unspecified	1012720	252400	UNKNOWN	Unspecified	Unspecified								40.85940856677234	-73.89707818938557	(40.85940856677234, -73.89707818938557)
16387004	04/06/2010 12:00:00 AM	04/09/2010 12:00:00 AM	HPD	Department of Housing Preservation and Development	NONCONST	VERMIN	RESIDENTIAL BUILDING	11225	1700 BEDFORD AVENUE	BEDFORD AVENUE	MONTGOMERY STREET	SULLIVAN PLACE			ADDRESS	BROOKLYN		N/A	Closed		The Department of Housing Preservation and Development inspected the following conditions. No violations were issued. The complaint has been closed.	04/09/2010 12:00:00 AM	0 Unspecified	3013020001	Unspecified	996197	181752	UNKNOWN	Unspecified	Unspecified								40.66553592293138	-73.95693597811109	(40.66553592293138, -73.95693597811109)
